Usuario,Tag,THT,ND,TP,HPD,NPPD,DCJ,Riesgo
Aiso,P2W,30.52,12,60,2.54,5.0,8,1
Tyson,nlove,31.76,14,60,2.27,4.29,6,0
TLK320,LAS,26.45,22,60,1.2,2.73,8,0
franchoski17,LAS,27.6,9,60,3.07,6.67,3,0
KESMAN,LAS,29.4,12,60,2.45,5.0,6,0
Rey Oscuro,Leon,28.72,10,60,2.87,6.0,6,0
Jon Blackfyre,LAS,29.14,26,60,1.12,2.31,7,0
Ritchan,LAS,29.18,12,60,2.43,5.0,12,0
SaiC,RBC,26.26,18,60,1.46,3.33,7,0
Baruff44,XII,30.42,22,60,1.38,2.73,5,0
Näle,LAS,32.74,19,60,1.72,3.16,10,0
smurf1505,smurf,26.65,19,60,1.4,3.16,4,0
Kîƒµńø,LAS,29.96,14,60,2.14,4.29,7,0
VieguitoMaragona,URF,25.29,7,60,3.61,8.57,4,1
anwnie,LAS,29.74,13,60,2.29,4.62,6,0
Michsss,6945,27.41,18,60,1.52,3.33,4,0
gato perkin,LAS,27.28,12,60,2.27,5.0,5,0
CorneliaMolina,AMPAY,25.99,15,60,1.73,4.0,5,0
Langosta Cosmica,fran,25.91,12,60,2.16,5.0,12,1
Knasky,Jaz,30.13,16,60,1.88,3.75,4,0
PinpónEsUnMuñeco,WA0S,27.6,26,60,1.06,2.31,5,0
Roruwu,42069,25.56,29,60,0.88,2.07,5,0
Rin Matsuoka,FREE,26.39,13,60,2.03,4.62,13,1
Zombie Slayer,LAS,26.27,16,60,1.64,3.75,16,0
Veronsqui,UNDs,26.42,17,60,1.55,3.53,5,0
VengadorM,LAS,25.01,16,60,1.56,3.75,11,0
saroo13,LAS,26.05,14,60,1.86,4.29,8,0
TeZ,Deus,25.64,13,60,1.97,4.62,6,0
TacitaConTecito,LAS,26.74,14,60,1.91,4.29,6,0
tandoe,LAS,26.35,18,60,1.46,3.33,13,0
Morjelakus,zaz,27.98,13,60,2.15,4.62,11,0
Severity,666,25.28,23,60,1.1,2.61,3,0
Moon,cito,25.62,19,60,1.35,3.16,13,0
Maaæ,LAS1,27.32,15,60,1.82,4.0,8,0
RubiaFashion,LAS,28.58,12,60,2.38,5.0,9,1
MOONQUI,LAS,29.66,20,60,1.48,3.0,3,0
Toky,Wena,28.81,9,60,3.2,6.67,9,1
tio goldo,1984,28.77,9,60,3.2,6.67,9,1
Colan,LAS,31.02,14,60,2.22,4.29,5,0
GotGaren,1997,31.82,9,60,3.54,6.67,7,1
Cubito,4444,29.2,21,60,1.39,2.86,6,0
DPontiacBandit,LAS,29.98,18,60,1.67,3.33,6,0
agutin,LLL,30.58,13,60,2.35,4.62,5,0
the adc is,UwU,28.46,14,60,2.03,4.29,3,0
TilinDijoElBardo,LAS,28.69,13,60,2.21,4.62,3,0
Felpa16,LAS,30.89,24,60,1.29,2.5,7,0
Chinche Poroto,999,27.13,14,60,1.94,4.29,13,0
TeemoLicion,002,29.83,24,60,1.24,2.5,13,0
NoxFler,LAS,27.48,16,60,1.72,3.75,2,0
Princesa Support,3505,29.95,14,60,2.14,4.29,12,0
Weyes Blood,0519,27.62,8,60,3.45,7.5,8,1
katseye enjoyerr,T1LAS,27.8,17,60,1.64,3.53,7,0
Vaundy,3671,28.8,7,60,4.11,8.57,5,1
Â Û R Ë Ł Ï Ã H,LAS,31.85,13,60,2.45,4.62,4,0
Aress 2431,NDS,30.59,20,60,1.53,3.0,8,0
CrimenMusical,LAS,29.77,12,60,2.48,5.0,5,0
Gla,LAS,29.55,24,60,1.23,2.5,19,0
kilefaa,LAS,29.65,8,60,3.71,7.5,4,0
Affection,1111,26.5,11,60,2.41,5.45,8,0
Dvd,2799,28.06,6,60,4.68,10.0,6,1
Michael Olise,6x7vn,27.25,20,60,1.36,3.0,11,0
INSECTOS,MVP,27.89,27,60,1.03,2.22,5,0
Lucas,Abs,26.92,32,60,0.84,1.88,7,0
Todoko,LAS,28.18,16,60,1.76,3.75,6,0
Ranser,434,28.28,8,60,3.54,7.5,8,0
LoKio,LAS,25.53,19,60,1.34,3.16,14,0
Chosar,SPQR,27.92,6,60,4.65,10.0,5,1
Nagi,2880,26.92,11,60,2.45,5.45,11,1
YusiGuma,LAS,26.65,19,60,1.4,3.16,6,0
Webo,LAS,27.32,11,60,2.48,5.45,6,0
ferkk,111,26.99,8,60,3.37,7.5,8,1
rer,16180,28.82,8,60,3.6,7.5,8,0
Kuro,IRON,27.79,6,60,4.63,10.0,6,1
OddsAgainstMe,1905,27.79,20,60,1.39,3.0,8,0
Doron,Elle,27.74,12,60,2.31,5.0,5,0
La magia del sur,4444,27.99,13,60,2.15,4.62,11,0
Luuuu,max,27.01,12,60,2.25,5.0,4,0
0FF THE GRID,LAS,28.22,12,60,2.35,5.0,6,0
kaybroak,MVP,28.2,8,60,3.52,7.5,3,0
KasFesp,LAS,28.05,4,60,7.01,15.0,4,1
Salteño Promedio,ups,28.42,20,60,1.42,3.0,12,0
zzz,trap,28.18,17,60,1.66,3.53,13,0
God ryze,LAS,29.72,13,60,2.29,4.62,9,1
Ðiush,White,28.36,11,60,2.58,5.45,5,0
LoanniZz,DEUS,31.47,11,60,2.86,5.45,8,0
TTV Pikabam,001,29.51,13,60,2.27,4.62,6,0
AvHPeaceMaker,LAS,28.18,7,60,4.03,8.57,7,1
PeelMe,Tom,29.63,9,60,3.29,6.67,4,0
Pmx,LAS,29.36,19,60,1.55,3.16,11,0
El Garbanzo,LAS,30.32,19,60,1.6,3.16,6,0
Duki,7763,33.43,9,60,3.71,6.67,9,1
fedejuega,LAS,29.94,18,60,1.66,3.33,5,0
iJoker,LAS,28.31,11,60,2.57,5.45,8,0
jzsoe,LAS,29.22,10,60,2.92,6.0,10,1
Haewon,1998,29.36,6,60,4.89,10.0,6,1
T1Nyuloi,Nashe,30.56,21,60,1.46,2.86,4,0
iPloxSB,1476,26.43,8,60,3.3,7.5,7,0
Willimerca,6666,26.91,19,60,1.42,3.16,6,0
TotooR2,LAS,29.96,11,60,2.72,5.45,11,0
JacquesLacan,1230,27.31,15,60,1.82,4.0,13,0
RJAV,1998,29.3,13,60,2.25,4.62,7,0
Nestornadoxs,LAS,28.51,8,60,3.56,7.5,8,1
Reish99,2001,29.4,19,60,1.55,3.16,6,0
MadLife,NCS,26.47,8,60,3.31,7.5,8,1
LoGoZ,LAS,29.66,18,60,1.65,3.33,7,0
SkeeLetor,LAS,27.2,12,60,2.27,5.0,8,0
Gekidou,512,28.6,14,60,2.04,4.29,9,0
regicida,LAS69,29.47,14,60,2.1,4.29,10,0
Bling Bling,lowie,29.42,14,60,2.1,4.29,4,0
Asa Mitaka,Kelly,29.29,28,60,1.05,2.14,4,0
Thom Merrilin,LAS,30.39,12,60,2.53,5.0,6,0
Thaizor,LAS,30.69,18,60,1.71,3.33,6,0
Pingu,SEES,27.81,16,60,1.74,3.75,3,0
SinverGWENza,Gwen,29.43,17,60,1.73,3.53,5,0
222369,222,29.2,12,60,2.43,5.0,7,0
Mewi,LAS,28.26,15,60,1.88,4.0,4,0
moko,1040,28.97,7,60,4.14,8.57,7,1
Barry Chopper,LAS,28.71,17,60,1.69,3.53,5,0
Matisinho,000,30.3,14,60,2.16,4.29,3,0
Amal2,LAS,28.47,17,60,1.67,3.53,8,0
Dsá,Meins,31.1,14,60,2.22,4.29,6,0
Takirø,弓の神7R,30.31,12,60,2.53,5.0,12,0
Teemomazos,PER,27.14,13,60,2.09,4.62,5,0
LoboAlfaKevin,LAS,30.5,23,60,1.33,2.61,9,0
TeShacølaCtM,LAS,30.28,14,60,2.16,4.29,4,0
Pirlo,ush,27.9,13,60,2.15,4.62,5,0
Dito,rey,29.5,12,60,2.46,5.0,12,1
ignaa42,LAS,29.04,16,60,1.81,3.75,6,0
Mvko,LAS,29.78,21,60,1.42,2.86,9,0
el prokilll,LAS,30.49,12,60,2.54,5.0,4,0
kenyu3,LAS,27.43,16,60,1.71,3.75,6,0
jalamee,LAS,29.12,19,60,1.53,3.16,2,0
Muerto,666,29.37,14,60,2.1,4.29,5,0
ySan97,f22b2,27.65,16,60,1.73,3.75,11,0
SOUL,JPN,28.83,11,60,2.62,5.45,11,0
Joa,GLHF,29.26,18,60,1.63,3.33,5,0
Sunmy,LAS,27.95,7,60,3.99,8.57,4,0
Felo,BEAR,30.0,4,60,7.5,15.0,4,1
77pablito,CAI,29.48,14,60,2.11,4.29,6,0
RP Glasman2,LAS,28.64,16,60,1.79,3.75,4,0
El Rey Henry,KING,25.35,7,60,3.62,8.57,4,0
ATC PØLPHOENIX,LAS1,29.96,15,60,2.0,4.0,6,0
Whiskas,Curru,27.65,9,60,3.07,6.67,9,0
Oticangi,PPP,27.71,14,60,1.98,4.29,5,0
RIP in peperonni,LAS,27.47,17,60,1.62,3.53,10,0
ZT4,LAS,29.8,14,60,2.13,4.29,10,0
sanzok,LAS,28.96,26,60,1.11,2.31,6,0
IlachOne,6381,30.43,17,60,1.79,3.53,10,0
Levhen,LAS,29.02,19,60,1.53,3.16,4,0
Saidpalao,AMPAY,26.52,24,60,1.1,2.5,2,0
ajinomen,9038,27.46,17,60,1.62,3.53,3,0
Lordans,6969,22.09,17,60,1.3,3.53,6,0
LIT KILLAH,412,27.23,19,60,1.43,3.16,11,0
vamosadecirquesi,LAS,28.99,16,60,1.81,3.75,5,0
JT 01,LAS,28.01,11,60,2.55,5.45,5,0
ComidaDelFuturo氣,ATEN,26.72,9,60,2.97,6.67,9,1
Giann,LATAM,30.02,27,60,1.11,2.22,8,0
Vyak,LAS,28.65,15,60,1.91,4.0,10,0
xHoneyFish,CHL,29.58,25,60,1.18,2.4,7,0
Jarthar,LAS,26.6,11,60,2.42,5.45,5,0
Vayne player 1,LAS,29.35,20,60,1.47,3.0,9,0
darling,zzz,31.26,12,60,2.6,5.0,12,0
LKING,MH1,30.67,8,60,3.83,7.5,8,1
SuruyoDelSodimac,LAS,29.65,19,60,1.56,3.16,8,0
SebastianMR,2404,28.25,9,60,3.14,6.67,5,0
daegu,LAS,29.14,17,60,1.71,3.53,6,0
Intss,LAS,26.16,11,60,2.38,5.45,11,0
BlackModerm10,0000,27.8,22,60,1.26,2.73,6,0
S1m0n,2277,29.58,23,60,1.29,2.61,5,0
Shamta,LAS,29.03,19,60,1.53,3.16,3,0
Dr Tommy,Crybb,28.9,20,60,1.44,3.0,8,0
Nav,210,26.89,20,60,1.34,3.0,4,0
TheBoss,T3tas,29.49,12,60,2.46,5.0,8,0
selfless,pain,27.18,22,60,1.24,2.73,4,0
SOS RE WACHINN,LAS,28.87,29,60,1.0,2.07,10,0
Kab,DUHR,26.59,11,60,2.42,5.45,6,0
Labubu,1251,29.25,13,60,2.25,4.62,5,0
Hustlee Hard 304,304,28.88,15,60,1.93,4.0,3,0
BABOSA,lmao,32.55,25,60,1.3,2.4,5,0
NoWitness,CBA,27.03,13,60,2.08,4.62,10,0
taitun,LAS,29.95,11,60,2.72,5.45,6,0
Creeping Derp,LAS,31.04,22,60,1.41,2.73,7,0
jordi el tulachi,LAS,30.06,13,60,2.31,4.62,6,0
Uri,Uri27,28.76,32,60,0.9,1.88,4,0
Tutesc,EDLP,30.15,12,60,2.51,5.0,6,0
Juego con la 10,VAJ,28.65,14,60,2.05,4.29,5,0
Patroler,111,28.87,13,60,2.22,4.62,11,0
Josedeoro,RECA,32.22,21,60,1.53,2.86,8,0
chinoo,1200,30.83,13,60,2.37,4.62,10,1
maidenless,SAPEE,28.93,16,60,1.81,3.75,15,0
elSeba11Xx,LAS,32.44,21,60,1.54,2.86,4,0
SeeYouSoon,1800,30.1,27,60,1.11,2.22,4,0
CarpinchoGoD,LAS,29.31,22,60,1.33,2.73,9,0
TomPlatz,0000,27.03,10,60,2.7,6.0,3,0
FRAN MAIRA,3331,26.48,23,60,1.15,2.61,5,0
Neurus,LAS,29.07,18,60,1.61,3.33,15,1
EuLeK,LAS,27.68,9,60,3.08,6.67,3,0
Pappers,LAS,29.03,14,60,2.07,4.29,5,0
KillVMaim,IDFC,29.62,11,60,2.69,5.45,3,0
pancito36,4437,29.43,19,60,1.55,3.16,4,0
tki44,222,30.12,26,60,1.16,2.31,4,0
alan2pac,LAS,26.87,18,60,1.49,3.33,3,0
Aeternum,LAS,30.42,17,60,1.79,3.53,6,0
Nomacitax,0069,26.7,20,60,1.33,3.0,2,0
melvin,waos,27.86,7,60,3.98,8.57,3,0
Respawn Love,LAS,26.57,15,60,1.77,4.0,9,0
KrawLee,1997,28.4,20,60,1.42,3.0,5,0
frN,0202,28.32,18,60,1.57,3.33,5,0
Chrollo Lucifer,HxH1,30.99,11,60,2.82,5.45,6,0
Ragnar Lodbrok,VLH,31.67,12,60,2.64,5.0,6,0
imMonster,LAS,28.77,8,60,3.6,7.5,4,0
Marveliano,UCM,27.24,11,60,2.48,5.45,8,0
almostdead,lllll,29.29,6,60,4.88,10.0,6,1
TostadiitaOP,Jesi,27.31,8,60,3.41,7.5,5,0
pudrete616,LAS,32.18,9,60,3.58,6.67,9,0
Rosetta,Lyor,30.53,6,60,5.09,10.0,6,1
ComeToM,LAS,29.42,6,60,4.9,10.0,6,1
VladSuo,CR7,24.71,12,60,2.06,5.0,4,0
Khada jhin LIBRA,jhin4,29.3,18,60,1.63,3.33,8,0
Nagumo Hajime,LAS,26.87,7,60,3.84,8.57,3,1
Labix,Goat,25.39,9,60,2.82,6.67,6,1
Zheva,LAS,29.06,11,60,2.64,5.45,10,0
Koreback,LAS,27.44,13,60,2.11,4.62,7,0
Ðarkîn bøw,GoNxt,28.99,16,60,1.81,3.75,8,0
Mikel,SEEEX,27.97,15,60,1.86,4.0,7,0
Little Bandido,LAS,29.48,19,60,1.55,3.16,8,0
KNONIMO EL FURIA,LAS,30.5,12,60,2.54,5.0,5,0
PesoPesado95,LAS,30.32,10,60,3.03,6.0,10,1
Sv3n,LAS,30.1,7,60,4.3,8.57,7,1
ZOYN,LAS,27.82,14,60,1.99,4.29,6,0
Avril,UwU,25.53,8,60,3.19,7.5,7,0
space cowboy,3194,28.45,14,60,2.03,4.29,9,0
Pulga De Warwick,00001,29.72,22,60,1.35,2.73,5,0
Ckotooh,LAS,29.13,11,60,2.65,5.45,11,1
Doryani,POET,29.76,6,60,4.96,10.0,6,1
Tenshi No Shi,LAS,27.89,17,60,1.64,3.53,14,0
BLACK CAT,PIZZA,25.97,4,60,6.49,15.0,4,1
Yusah,LAS,29.87,6,60,4.98,10.0,3,1
RodriDraco,LAS,31.57,8,60,3.95,7.5,6,0
Girl is a gun,LAS,28.28,9,60,3.14,6.67,6,1
Elfaria,1355,27.15,4,60,6.79,15.0,4,1
Wifelershow,7458,28.66,7,60,4.09,8.57,7,1
TwilightShade,LAS,28.43,8,60,3.55,7.5,8,1
detructor444,LAS,31.3,12,60,2.61,5.0,10,0
puro ks,002,28.7,8,60,3.59,7.5,7,0
Swain KFC,COMBO,29.19,9,60,3.24,6.67,6,1
差异顶部,ASR,30.17,5,60,6.03,12.0,5,1
Ecch,LAS,28.09,7,60,4.01,8.57,7,1
D4rK Asassin,LAS,30.1,7,60,4.3,8.57,7,1
Luis Yeager,LAS,28.56,8,60,3.57,7.5,8,1
Wagyu,LAS,29.12,8,60,3.64,7.5,8,1
BRG Velois,CEL,27.67,7,60,3.95,8.57,7,1
kclak,LAS,30.03,8,60,3.75,7.5,6,1
Sir Friijooliito,sera,26.99,7,60,3.86,8.57,7,1
ivvo18,LAS,29.49,9,60,3.28,6.67,9,1
T1 DradKhan,SKT,29.33,5,60,5.87,12.0,5,1
ƒiuroxy,loveu,27.29,6,60,4.55,10.0,6,1
MeDeprimoFacil,uwu,27.76,7,60,3.97,8.57,7,1
hip0frenia,LAS,28.41,5,60,5.68,12.0,5,1
未来の音,1999,29.66,12,60,2.47,5.0,12,0
Black Ivy,505,29.1,7,60,4.16,8.57,7,1
Yuta Okkotsu,5805,28.91,5,60,5.78,12.0,5,1
EntrandoEnEsa,LAS,28.26,10,60,2.83,6.0,8,0
eL Dany DT,LAS,30.32,7,60,4.33,8.57,7,1
Lucky 38,Luck7,27.86,5,60,5.57,12.0,5,1
Black Insomnia,0589,30.14,5,60,6.03,12.0,5,1
juansethekof,LOS,29.71,6,60,4.95,10.0,6,1
Белая смерть,АРГ,29.65,11,60,2.7,5.45,7,0
C13 Damz,LAS,27.93,5,60,5.59,12.0,5,1
c a r ö l i n a,ARS,30.92,6,60,5.15,10.0,6,1
Eifeldor,LAS,29.18,5,60,5.84,12.0,5,1
Andreik99,999,29.6,6,60,4.93,10.0,6,1
jodipe,Ahri,28.78,11,60,2.62,5.45,4,0
SQUANCHØ,LAS,31.22,15,60,2.08,4.0,10,0
AlterMitico,Novus,28.36,16,60,1.77,3.75,6,0
DAO FUTURE,LAS,27.45,9,60,3.05,6.67,4,0
yiyawosao,LAS,28.34,8,60,3.54,7.5,5,0
CSSML NDSML,kahoz,28.72,11,60,2.61,5.45,11,0
Zaikologic,Zaik,30.51,9,60,3.39,6.67,9,1
qdanm,hiim,28.55,6,60,4.76,10.0,6,1
OMG Ken,LAS,28.77,6,60,4.79,10.0,6,1
aKaiRe,LAS,28.91,6,60,4.82,10.0,6,1
Emahtz,LAS,28.02,8,60,3.5,7.5,6,1
puckeffideb,LAS,30.86,13,60,2.37,4.62,9,0
Come Around Me,diazk,28.23,11,60,2.57,5.45,7,0
NeuraNura,Brem,28.56,17,60,1.68,3.53,8,0
xWarRx,LAS,28.89,8,60,3.61,7.5,8,1
Jaskisceviciuss,LAS,30.14,12,60,2.51,5.0,12,1
Don Titi,LAS,30.17,8,60,3.77,7.5,4,1
SOD Un Oso Wacho,9543,24.55,6,60,4.09,10.0,6,1
Ziggsmund Freud,PANDI,28.35,6,60,4.73,10.0,6,1
Rook Gendarmerie,LAS,29.34,6,60,4.89,10.0,6,1
Tea Lover,gkrmp,28.91,8,60,3.61,7.5,5,1
chérie lueur,maia,27.16,7,60,3.88,8.57,7,1
IIIIIIIIIIIII,8413,27.43,5,60,5.49,12.0,5,1
AlanBritoDl,LAS,29.47,6,60,4.91,10.0,6,1
jeshuco,777,29.94,19,60,1.58,3.16,10,0
zun,TLUCH,29.96,11,60,2.72,5.45,5,0
R Inst,8092,28.9,4,60,7.22,15.0,4,1
Sephiroth,SSSSS,28.52,6,60,4.75,10.0,5,1
