Usuario,Tag_pre,THT_pre,ND_pre,HPD_pre,DCJ_pre,DCJ_FI_pre,DCJ_FF_pre,Tag_post,THT_post,ND_post,HPD_post,DCJ_post,DCJ_FI_post,DCJ_FF_post
Aiso,P2W,27.98,8,3.5,3,2026-04-30,2026-05-02,P2W,26.5,10,2.65,2,2026-05-17,2026-05-18
Tyson,nlove,24.12,10,2.41,7,2026-05-06,2026-05-12,nlove,23.69,11,2.15,6,2026-05-20,2026-05-25
TLK320,LAS,9.59,6,1.6,2,2026-05-08,2026-05-09,LAS,10.69,7,1.53,3,2026-05-20,2026-05-22
franchoski17,LAS,19.73,11,1.79,5,2026-05-05,2026-05-09,LAS,20.17,9,2.24,5,2026-05-20,2026-05-24
KESMAN,LAS,18.82,7,2.69,3,2026-05-09,2026-05-11,LAS,13.57,7,1.94,2,2026-05-15,2026-05-16
Rey Oscuro,Leon,14.81,6,2.47,2,2026-05-03,2026-05-04,Leon,6.15,5,1.23,2,2026-05-14,2026-05-15
Jon Blackfyre,LAS,28.43,9,3.16,5,2026-05-08,2026-05-12,LAS,38.36,13,2.95,4,2026-05-20,2026-05-23
Ritchan,LAS,17.6,9,1.96,4,2026-05-03,2026-05-06,LAS,16.84,7,2.41,3,2026-05-23,2026-05-25
SaiC,RBC,16.07,10,1.61,3,2026-05-11,2026-05-13,RBC,9.7,5,1.94,4,2026-05-18,2026-05-21
Baruff44,XII,12.23,7,1.75,4,2026-05-03,2026-05-06,XII,17.83,8,2.23,5,2026-05-16,2026-05-20
Näle,LAS,28.98,11,2.63,6,2026-05-03,2026-05-08,LAS,19.16,10,1.92,6,2026-05-15,2026-05-20
smurf1505,smurf,16.47,8,2.06,4,2026-05-04,2026-05-07,smurf,10.11,6,1.68,4,2026-05-21,2026-05-24
Kîƒµńø,LAS,21.25,9,2.36,3,2026-05-03,2026-05-05,LAS,23.47,8,2.93,3,2026-05-19,2026-05-21
VieguitoMaragona,URF,12.08,7,1.73,4,2026-05-08,2026-05-11,URF,10.04,5,2.01,3,2026-05-22,2026-05-24
anwnie,LAS,23.27,8,2.91,4,2026-05-02,2026-05-05,LAS,33.52,12,2.79,3,2026-05-17,2026-05-19
Michsss,6945,37.65,13,2.9,8,2026-04-30,2026-05-07,6945,17.46,8,2.18,8,2026-05-17,2026-05-24
gato perkin,LAS,25.87,8,3.23,4,2026-05-10,2026-05-13,LAS,15.84,8,1.98,5,2026-05-22,2026-05-26
CorneliaMolina,AMPAY,36.41,14,2.6,14,2026-04-30,2026-05-13,AMPAY,20.64,8,2.58,8,2026-05-16,2026-05-23
Langosta Cosmica,fran,26.63,8,3.33,3,2026-05-04,2026-05-06,fran,17.48,7,2.5,2,2026-05-16,2026-05-17
Knasky,Jaz,11.87,5,2.37,2,2026-05-02,2026-05-03,Jaz,11.97,5,2.39,1,2026-05-20,2026-05-20
PinpónEsUnMuñeco,WA0S,21.61,7,3.09,3,2026-05-09,2026-05-11,WA0S,13.04,7,1.86,2,2026-05-20,2026-05-21
Roruwu,42069,11.31,6,1.89,2,2026-05-09,2026-05-10,42069,24.8,9,2.76,1,2026-05-20,2026-05-20
Rin Matsuoka,FREE,30.6,10,3.06,4,2026-05-08,2026-05-11,FREE,25.55,10,2.56,4,2026-05-22,2026-05-25
Zombie Slayer,LAS,15.53,8,1.94,3,2026-05-08,2026-05-10,LAS,14.11,7,2.02,3,2026-05-19,2026-05-21
Veronsqui,UNDs,14.99,7,2.14,6,2026-05-05,2026-05-10,UNDs,14.78,6,2.46,6,2026-05-17,2026-05-22
VengadorM,LAS,37.18,14,2.66,14,2026-04-30,2026-05-13,LAS,16.97,9,1.89,9,2026-05-18,2026-05-26
saroo13,LAS,8.78,6,1.46,3,2026-05-11,2026-05-13,LAS,13.83,8,1.73,2,2026-05-17,2026-05-18
TeZ,Deus,21.98,10,2.2,4,2026-05-01,2026-05-04,Deus,13.55,6,2.26,5,2026-05-13,2026-05-17
TacitaConTecito,LAS,21.99,9,2.44,7,2026-05-06,2026-05-12,LAS,18.76,8,2.35,8,2026-05-19,2026-05-26
tandoe,LAS,6.3,5,1.26,2,2026-05-04,2026-05-05,LAS,5.33,6,0.89,1,2026-05-24,2026-05-24
Morjelakus,zaz,27.48,9,3.05,5,2026-05-06,2026-05-10,zaz,16.02,7,2.29,6,2026-05-18,2026-05-23
Severity,666,25.64,8,3.21,3,2026-05-10,2026-05-12,666,23.61,10,2.36,2,2026-05-24,2026-05-25
Moon,cito,18.22,8,2.28,3,2026-05-05,2026-05-07,cito,24.52,11,2.23,3,2026-05-13,2026-05-15
Maaæ,LAS1,37.28,11,3.39,5,2026-05-09,2026-05-13,LAS1,31.59,11,2.87,4,2026-05-21,2026-05-24
RubiaFashion,LAS,13.81,6,2.3,3,2026-05-02,2026-05-04,LAS,23.95,8,2.99,2,2026-05-14,2026-05-15
MOONQUI,LAS,20.3,8,2.54,3,2026-05-08,2026-05-10,LAS,17.89,5,3.58,3,2026-05-23,2026-05-25
Toky,Wena,6.66,5,1.33,1,2026-05-01,2026-05-01,Wena,9.12,7,1.3,1,2026-05-17,2026-05-17
tio goldo,1984,14.04,8,1.75,5,2026-05-01,2026-05-05,1984,14.74,10,1.47,6,2026-05-16,2026-05-21
Colan,LAS,30.47,11,2.77,5,2026-04-30,2026-05-04,LAS,30.21,9,3.36,4,2026-05-16,2026-05-19
GotGaren,1997,25.33,9,2.81,4,2026-05-09,2026-05-12,1997,14.95,7,2.14,5,2026-05-19,2026-05-23
Cubito,4444,26.3,9,2.92,3,2026-05-02,2026-05-04,4444,16.39,8,2.05,4,2026-05-22,2026-05-25
DPontiacBandit,LAS,13.98,7,2.0,4,2026-05-01,2026-05-04,LAS,21.11,10,2.11,5,2026-05-18,2026-05-22
agutin,LLL,22.24,9,2.47,3,2026-05-05,2026-05-07,LLL,16.13,10,1.61,2,2026-05-13,2026-05-14
the adc is,UwU,16.73,7,2.39,3,2026-05-04,2026-05-06,UwU,8.69,4,2.17,2,2026-05-17,2026-05-18
TilinDijoElBardo,LAS,18.12,7,2.59,5,2026-05-02,2026-05-06,LAS,17.1,10,1.71,6,2026-05-19,2026-05-24
Felpa16,LAS,9.45,7,1.35,2,2026-05-04,2026-05-05,LAS,11.47,10,1.15,2,2026-05-15,2026-05-16
Chinche Poroto,999,37.37,10,3.74,5,2026-05-03,2026-05-07,999,11.89,5,2.38,4,2026-05-15,2026-05-18
TeemoLicion,002,34.29,11,3.12,6,2026-05-03,2026-05-08,002,24.86,12,2.07,7,2026-05-20,2026-05-26
NoxFler,LAS,18.42,8,2.3,5,2026-05-06,2026-05-10,LAS,26.04,11,2.37,4,2026-05-17,2026-05-20
Princesa Support,3505,30.42,11,2.77,7,2026-04-30,2026-05-06,3505,29.46,12,2.46,7,2026-05-14,2026-05-20
Weyes Blood,0519,33.62,9,3.74,6,2026-05-04,2026-05-09,0519,25.89,11,2.35,5,2026-05-19,2026-05-23
katseye enjoyerr,T1LAS,31.16,10,3.12,4,2026-05-02,2026-05-05,T1LAS,31.28,11,2.84,3,2026-05-23,2026-05-25
Vaundy,3671,27.5,10,2.75,3,2026-05-06,2026-05-08,3671,17.81,6,2.97,4,2026-05-16,2026-05-19
Â Û R Ë Ł Ï Ã H,LAS,25.97,9,2.89,4,2026-05-08,2026-05-11,LAS,15.59,6,2.6,3,2026-05-24,2026-05-26
Aress 2431,NDS,26.09,10,2.61,5,2026-05-03,2026-05-07,NDS,34.36,11,3.12,6,2026-05-18,2026-05-23
CrimenMusical,LAS,26.37,12,2.2,6,2026-04-30,2026-05-05,LAS,19.25,10,1.93,5,2026-05-17,2026-05-21
Gla,LAS,34.99,11,3.18,7,2026-05-07,2026-05-13,LAS,17.19,8,2.15,6,2026-05-19,2026-05-24
kilefaa,LAS,20.22,10,2.02,6,2026-05-03,2026-05-08,LAS,16.16,10,1.62,5,2026-05-15,2026-05-19
Affection,1111,39.35,13,3.03,12,2026-05-01,2026-05-12,1111,27.16,12,2.26,11,2026-05-15,2026-05-25
Dvd,2799,17.33,9,1.93,4,2026-04-30,2026-05-03,2799,15.68,9,1.74,4,2026-05-19,2026-05-22
Michael Olise,6x7vn,28.97,8,3.62,3,2026-05-11,2026-05-13,6x7vn,23.69,8,2.96,2,2026-05-23,2026-05-24
INSECTOS,MVP,9.58,5,1.92,2,2026-05-06,2026-05-07,MVP,15.2,8,1.9,2,2026-05-20,2026-05-21
Lucas,Abs,27.5,10,2.75,6,2026-05-06,2026-05-11,Abs,23.64,10,2.36,5,2026-05-14,2026-05-18
Todoko,LAS,13.74,8,1.72,3,2026-05-01,2026-05-03,LAS,12.52,6,2.09,4,2026-05-17,2026-05-20
Ranser,434,22.09,10,2.21,6,2026-05-03,2026-05-08,434,27.76,11,2.52,5,2026-05-17,2026-05-21
LoKio,LAS,15.65,9,1.74,4,2026-04-30,2026-05-03,LAS,11.01,7,1.57,3,2026-05-21,2026-05-23
Chosar,SPQR,26.22,12,2.19,11,2026-05-02,2026-05-12,SPQR,20.32,8,2.54,8,2026-05-19,2026-05-26
Nagi,2880,39.47,12,3.29,10,2026-05-04,2026-05-13,2880,22.12,11,2.01,11,2026-05-16,2026-05-26
YusiGuma,LAS,7.78,5,1.56,1,2026-05-04,2026-05-04,LAS,13.95,9,1.55,1,2026-05-26,2026-05-26
Webo,LAS,31.5,12,2.62,10,2026-05-01,2026-05-10,LAS,31.76,11,2.89,9,2026-05-17,2026-05-25
ferkk,111,14.15,7,2.02,5,2026-04-30,2026-05-04,111,14.19,7,2.03,4,2026-05-15,2026-05-18
rer,16180,28.12,11,2.56,6,2026-05-07,2026-05-12,16180,32.51,11,2.96,5,2026-05-13,2026-05-17
Kuro,IRON,14.43,10,1.44,7,2026-05-07,2026-05-13,IRON,9.07,7,1.3,6,2026-05-20,2026-05-25
OddsAgainstMe,1905,28.87,11,2.62,7,2026-05-02,2026-05-08,1905,22.71,10,2.27,6,2026-05-21,2026-05-26
Doron,Elle,16.26,7,2.32,3,2026-05-05,2026-05-07,Elle,10.95,5,2.19,4,2026-05-18,2026-05-21
La magia del sur,4444,13.18,6,2.2,4,2026-05-08,2026-05-11,4444,8.37,5,1.67,3,2026-05-16,2026-05-18
Luuuu,max,33.86,11,3.08,8,2026-05-02,2026-05-09,max,17.71,9,1.97,8,2026-05-15,2026-05-22
0FF THE GRID,LAS,31.68,11,2.88,7,2026-05-03,2026-05-09,LAS,16.26,9,1.81,6,2026-05-21,2026-05-26
kaybroak,MVP,27.42,12,2.29,6,2026-05-07,2026-05-12,MVP,24.53,10,2.45,7,2026-05-17,2026-05-23
KasFesp,LAS,23.26,11,2.11,6,2026-05-06,2026-05-11,LAS,18.23,8,2.28,5,2026-05-16,2026-05-20
Salteño Promedio,ups,28.1,10,2.81,4,2026-05-07,2026-05-10,ups,21.91,10,2.19,4,2026-05-23,2026-05-26
zzz,trap,30.63,9,3.4,2,2026-05-12,2026-05-13,trap,23.56,9,2.62,1,2026-05-22,2026-05-22
God ryze,LAS,25.64,9,2.85,5,2026-05-08,2026-05-12,LAS,19.48,9,2.16,4,2026-05-19,2026-05-22
Ðiush,White,19.53,7,2.79,4,2026-05-02,2026-05-05,White,12.35,6,2.06,3,2026-05-17,2026-05-19
LoanniZz,DEUS,19.77,9,2.2,3,2026-05-07,2026-05-09,DEUS,15.04,7,2.15,2,2026-05-25,2026-05-26
TTV Pikabam,001,10.96,7,1.57,2,2026-05-08,2026-05-09,001,16.58,8,2.07,3,2026-05-20,2026-05-22
AvHPeaceMaker,LAS,22.83,10,2.28,9,2026-04-30,2026-05-08,LAS,15.55,8,1.94,8,2026-05-16,2026-05-23
PeelMe,Tom,27.88,11,2.53,5,2026-04-30,2026-05-04,Tom,31.64,11,2.88,4,2026-05-21,2026-05-24
Pmx,LAS,50.78,12,4.23,9,2026-05-04,2026-05-12,LAS,41.43,12,3.45,8,2026-05-16,2026-05-23
El Garbanzo,LAS,13.41,9,1.49,4,2026-05-05,2026-05-08,LAS,8.79,7,1.26,3,2026-05-22,2026-05-24
Duki,7763,37.85,13,2.91,10,2026-05-04,2026-05-13,7763,43.13,12,3.59,9,2026-05-13,2026-05-21
fedejuega,LAS,15.04,8,1.88,3,2026-05-01,2026-05-03,LAS,9.81,6,1.64,4,2026-05-19,2026-05-22
iJoker,LAS,10.82,4,2.71,1,2026-05-09,2026-05-09,LAS,11.58,9,1.29,2,2026-05-21,2026-05-22
jzsoe,LAS,16.58,6,2.76,4,2026-05-08,2026-05-11,LAS,12.76,7,1.82,5,2026-05-18,2026-05-22
Haewon,1998,8.99,4,2.25,1,2026-04-30,2026-04-30,1998,15.69,9,1.74,1,2026-05-15,2026-05-15
T1Nyuloi,Nashe,26.29,11,2.39,6,2026-04-30,2026-05-05,Nashe,24.44,9,2.72,5,2026-05-17,2026-05-21
iPloxSB,1476,13.54,7,1.93,3,2026-05-03,2026-05-05,1476,12.13,6,2.02,3,2026-05-21,2026-05-23
Willimerca,6666,6.28,5,1.26,2,2026-05-05,2026-05-06,6666,12.42,10,1.24,3,2026-05-20,2026-05-22
TotooR2,LAS,13.13,6,2.19,3,2026-05-03,2026-05-05,LAS,13.65,6,2.27,2,2026-05-13,2026-05-14
JacquesLacan,1230,42.51,12,3.54,12,2026-04-30,2026-05-11,1230,42.74,11,3.89,11,2026-05-16,2026-05-26
RJAV,1998,27.46,9,3.05,4,2026-05-04,2026-05-07,1998,18.85,10,1.89,5,2026-05-22,2026-05-26
Nestornadoxs,LAS,28.4,9,3.16,5,2026-05-04,2026-05-08,LAS,28.97,11,2.63,5,2026-05-13,2026-05-17
Reish99,2001,10.58,7,1.51,3,2026-05-02,2026-05-04,2001,13.8,9,1.53,2,2026-05-16,2026-05-17
MadLife,NCS,30.26,12,2.52,5,2026-05-08,2026-05-12,NCS,31.41,12,2.62,5,2026-05-15,2026-05-19
LoGoZ,LAS,5.63,5,1.13,2,2026-05-12,2026-05-13,LAS,9.54,7,1.36,1,2026-05-17,2026-05-17
SkeeLetor,LAS,25.65,10,2.56,4,2026-05-08,2026-05-11,LAS,32.18,12,2.68,3,2026-05-15,2026-05-17
Gekidou,512,23.22,9,2.58,4,2026-05-01,2026-05-04,512,37.77,11,3.43,3,2026-05-24,2026-05-26
regicida,LAS69,33.11,12,2.76,5,2026-05-04,2026-05-08,LAS69,28.57,11,2.6,4,2026-05-17,2026-05-20
Bling Bling,lowie,17.74,8,2.22,4,2026-05-08,2026-05-11,lowie,10.68,7,1.53,4,2026-05-13,2026-05-16
Asa Mitaka,Kelly,44.36,12,3.7,6,2026-05-08,2026-05-13,Kelly,28.59,11,2.6,5,2026-05-16,2026-05-20
Thom Merrilin,LAS,32.04,11,2.91,8,2026-05-01,2026-05-08,LAS,24.32,11,2.21,7,2026-05-17,2026-05-23
Thaizor,LAS,12.97,10,1.3,5,2026-05-04,2026-05-08,LAS,9.56,6,1.59,4,2026-05-17,2026-05-20
Pingu,SEES,36.56,10,3.66,4,2026-04-30,2026-05-03,SEES,38.24,11,3.48,4,2026-05-22,2026-05-25
SinverGWENza,Gwen,14.21,8,1.78,3,2026-05-03,2026-05-05,Gwen,19.57,9,2.17,3,2026-05-16,2026-05-18
222369,222,24.83,10,2.48,9,2026-05-01,2026-05-09,222,20.08,9,2.23,8,2026-05-17,2026-05-24
Mewi,LAS,26.39,9,2.93,3,2026-05-01,2026-05-03,LAS,16.2,7,2.31,4,2026-05-23,2026-05-26
moko,1040,11.19,7,1.6,3,2026-05-06,2026-05-08,1040,11.61,7,1.66,2,2026-05-13,2026-05-14
Barry Chopper,LAS,8.89,7,1.27,3,2026-05-09,2026-05-11,LAS,16.32,7,2.33,2,2026-05-16,2026-05-17
Matisinho,000,22.47,6,3.74,2,2026-05-07,2026-05-08,000,27.62,11,2.51,2,2026-05-24,2026-05-25
Amal2,LAS,21.18,7,3.03,4,2026-05-01,2026-05-04,LAS,15.39,7,2.2,4,2026-05-20,2026-05-23
Dsá,Meins,20.75,9,2.31,4,2026-05-08,2026-05-11,Meins,26.43,11,2.4,3,2026-05-17,2026-05-19
Takirø,弓の神7R,25.08,12,2.09,8,2026-05-04,2026-05-11,弓の神7R,23.05,10,2.31,7,2026-05-16,2026-05-22
Teemomazos,PER,26.23,8,3.28,5,2026-05-08,2026-05-12,PER,17.77,8,2.22,6,2026-05-18,2026-05-23
LoboAlfaKevin,LAS,18.25,8,2.28,4,2026-05-09,2026-05-12,LAS,12.89,6,2.15,3,2026-05-15,2026-05-17
TeShacølaCtM,LAS,36.05,12,3.0,7,2026-05-07,2026-05-13,LAS,13.77,6,2.29,6,2026-05-15,2026-05-20
Pirlo,ush,28.97,8,3.62,3,2026-05-03,2026-05-05,ush,28.59,9,3.18,2,2026-05-19,2026-05-20
Dito,rey,22.29,10,2.23,7,2026-05-04,2026-05-10,rey,19.76,9,2.2,6,2026-05-20,2026-05-25
ignaa42,LAS,12.63,7,1.8,2,2026-05-09,2026-05-10,LAS,18.79,10,1.88,1,2026-05-24,2026-05-24
Mvko,LAS,26.49,10,2.65,6,2026-05-05,2026-05-10,LAS,15.67,8,1.96,5,2026-05-16,2026-05-20
el prokilll,LAS,27.45,11,2.5,5,2026-05-01,2026-05-05,LAS,30.59,11,2.78,6,2026-05-14,2026-05-19
kenyu3,LAS,31.67,11,2.88,8,2026-05-04,2026-05-11,LAS,20.74,10,2.07,7,2026-05-14,2026-05-20
jalamee,LAS,29.81,11,2.71,7,2026-04-30,2026-05-06,LAS,19.89,8,2.49,6,2026-05-21,2026-05-26
Muerto,666,16.16,10,1.62,4,2026-05-10,2026-05-13,666,14.05,8,1.76,5,2026-05-18,2026-05-22
ySan97,f22b2,37.49,11,3.41,7,2026-05-05,2026-05-11,f22b2,24.74,9,2.75,6,2026-05-13,2026-05-18
SOUL,JPN,10.3,5,2.06,3,2026-05-04,2026-05-06,JPN,21.5,10,2.15,2,2026-05-20,2026-05-21
Joa,GLHF,28.4,10,2.84,5,2026-05-04,2026-05-08,GLHF,16.03,9,1.78,4,2026-05-21,2026-05-24
Sunmy,LAS,20.56,10,2.06,5,2026-05-09,2026-05-13,LAS,19.88,10,1.99,4,2026-05-18,2026-05-21
Felo,BEAR,15.12,8,1.89,3,2026-05-11,2026-05-13,BEAR,7.19,5,1.44,3,2026-05-22,2026-05-24
77pablito,CAI,19.98,9,2.22,7,2026-05-04,2026-05-10,CAI,18.85,11,1.71,8,2026-05-14,2026-05-21
RP Glasman2,LAS,15.04,8,1.88,3,2026-05-11,2026-05-13,LAS,8.06,7,1.15,2,2026-05-25,2026-05-26
El Rey Henry,KING,15.65,9,1.74,4,2026-04-30,2026-05-03,KING,17.69,9,1.97,3,2026-05-18,2026-05-20
ATC PØLPHOENIX,LAS1,14.48,8,1.81,3,2026-05-09,2026-05-11,LAS1,6.98,5,1.4,2,2026-05-21,2026-05-22
Whiskas,Curru,24.09,10,2.41,6,2026-05-07,2026-05-12,Curru,30.07,14,2.15,7,2026-05-19,2026-05-25
Oticangi,PPP,18.46,8,2.31,6,2026-05-07,2026-05-12,PPP,28.89,12,2.41,5,2026-05-18,2026-05-22
RIP in peperonni,LAS,34.4,10,3.44,5,2026-05-02,2026-05-06,LAS,25.84,9,2.87,4,2026-05-22,2026-05-25
ZT4,LAS,13.52,7,1.93,4,2026-05-07,2026-05-10,LAS,10.76,6,1.79,3,2026-05-16,2026-05-18
sanzok,LAS,14.52,8,1.81,2,2026-05-01,2026-05-02,LAS,16.07,9,1.79,3,2026-05-19,2026-05-21
IlachOne,6381,24.74,11,2.25,5,2026-05-07,2026-05-11,6381,30.58,12,2.55,4,2026-05-22,2026-05-25
Levhen,LAS,26.05,13,2.0,7,2026-05-06,2026-05-12,LAS,12.56,8,1.57,6,2026-05-17,2026-05-22
Saidpalao,AMPAY,36.74,12,3.06,6,2026-05-02,2026-05-07,AMPAY,26.09,10,2.61,5,2026-05-20,2026-05-24
ajinomen,9038,27.17,8,3.4,3,2026-05-10,2026-05-12,9038,34.39,12,2.87,4,2026-05-19,2026-05-22
Lordans,6969,26.87,9,2.99,4,2026-05-10,2026-05-13,6969,18.98,8,2.37,3,2026-05-14,2026-05-16
LIT KILLAH,412,29.25,10,2.92,4,2026-05-03,2026-05-06,412,12.87,6,2.15,4,2026-05-21,2026-05-24
vamosadecirquesi,LAS,30.57,11,2.78,6,2026-05-07,2026-05-12,LAS,32.6,13,2.51,5,2026-05-18,2026-05-22
JT 01,LAS,32.29,11,2.94,7,2026-05-06,2026-05-12,LAS,27.65,11,2.51,6,2026-05-19,2026-05-24
ComidaDelFuturo氣,ATEN,25.29,10,2.53,4,2026-05-09,2026-05-12,ATEN,19.06,10,1.91,5,2026-05-18,2026-05-22
Giann,LATAM,44.75,12,3.73,6,2026-05-07,2026-05-12,LATAM,35.43,11,3.22,7,2026-05-15,2026-05-21
Vyak,LAS,17.81,7,2.54,3,2026-04-30,2026-05-02,LAS,24.54,9,2.73,2,2026-05-24,2026-05-25
xHoneyFish,CHL,14.8,9,1.64,4,2026-05-02,2026-05-05,CHL,11.04,6,1.84,3,2026-05-13,2026-05-15
Jarthar,LAS,23.26,9,2.58,3,2026-05-02,2026-05-04,LAS,20.59,12,1.72,2,2026-05-15,2026-05-16
Vayne player 1,LAS,23.05,7,3.29,2,2026-05-09,2026-05-10,LAS,24.81,12,2.07,1,2026-05-23,2026-05-23
darling,zzz,26.25,10,2.62,4,2026-05-03,2026-05-06,zzz,9.62,7,1.37,5,2026-05-16,2026-05-20
LKING,MH1,28.28,10,2.83,3,2026-05-10,2026-05-12,MH1,23.66,10,2.37,4,2026-05-22,2026-05-25
SuruyoDelSodimac,LAS,15.57,8,1.95,5,2026-05-08,2026-05-12,LAS,12.62,8,1.58,4,2026-05-22,2026-05-25
SebastianMR,2404,11.67,6,1.95,2,2026-05-08,2026-05-09,2404,3.65,4,0.91,2,2026-05-16,2026-05-17
daegu,LAS,31.58,11,2.87,8,2026-05-03,2026-05-10,LAS,20.99,10,2.1,7,2026-05-20,2026-05-26
Intss,LAS,25.27,10,2.53,5,2026-05-04,2026-05-08,LAS,23.99,10,2.4,4,2026-05-17,2026-05-20
BlackModerm10,0000,16.63,10,1.66,5,2026-05-06,2026-05-10,0000,10.95,7,1.56,4,2026-05-14,2026-05-17
S1m0n,2277,24.09,12,2.01,7,2026-04-30,2026-05-06,2277,18.88,8,2.36,6,2026-05-16,2026-05-21
Shamta,LAS,13.37,10,1.34,6,2026-05-04,2026-05-09,LAS,14.15,7,2.02,5,2026-05-21,2026-05-25
Dr Tommy,Crybb,37.29,12,3.11,6,2026-05-05,2026-05-10,Crybb,31.47,12,2.62,6,2026-05-15,2026-05-20
Nav,210,23.63,11,2.15,5,2026-05-04,2026-05-08,210,12.56,7,1.79,4,2026-05-14,2026-05-17
TheBoss,T3tas,36.93,12,3.08,5,2026-05-08,2026-05-12,T3tas,25.01,10,2.5,4,2026-05-15,2026-05-18
selfless,pain,22.19,9,2.47,3,2026-05-05,2026-05-07,pain,18.52,8,2.31,2,2026-05-17,2026-05-18
SOS RE WACHINN,LAS,30.09,11,2.74,4,2026-05-03,2026-05-06,LAS,11.14,6,1.86,3,2026-05-15,2026-05-17
Kab,DUHR,17.24,8,2.15,5,2026-05-05,2026-05-09,DUHR,20.88,10,2.09,4,2026-05-22,2026-05-25
Labubu,1251,26.93,10,2.69,4,2026-05-02,2026-05-05,1251,15.44,7,2.21,4,2026-05-13,2026-05-16
Hustlee Hard 304,304,44.0,12,3.67,6,2026-05-07,2026-05-12,304,33.71,11,3.06,7,2026-05-18,2026-05-24
BABOSA,lmao,18.25,9,2.03,4,2026-05-02,2026-05-05,lmao,15.39,10,1.54,5,2026-05-22,2026-05-26
NoWitness,CBA,12.7,8,1.59,3,2026-05-10,2026-05-12,CBA,12.99,7,1.86,2,2026-05-14,2026-05-15
taitun,LAS,36.42,14,2.6,14,2026-04-30,2026-05-13,LAS,31.55,11,2.87,11,2026-05-14,2026-05-24
Creeping Derp,LAS,13.79,9,1.53,4,2026-05-02,2026-05-05,LAS,11.52,6,1.92,3,2026-05-19,2026-05-21
jordi el tulachi,LAS,40.08,11,3.64,8,2026-05-06,2026-05-13,LAS,21.82,7,3.12,7,2026-05-14,2026-05-20
Uri,Uri27,11.48,7,1.64,2,2026-05-11,2026-05-12,Uri27,9.32,8,1.17,1,2026-05-17,2026-05-17
Tutesc,EDLP,21.81,9,2.42,3,2026-05-09,2026-05-11,EDLP,15.41,8,1.93,2,2026-05-17,2026-05-18
Juego con la 10,VAJ,31.32,11,2.85,6,2026-05-04,2026-05-09,VAJ,16.95,10,1.69,5,2026-05-13,2026-05-17
Patroler,111,11.16,7,1.59,4,2026-04-30,2026-05-03,111,11.85,7,1.69,5,2026-05-20,2026-05-24
Josedeoro,RECA,17.23,9,1.91,4,2026-05-07,2026-05-10,RECA,16.9,8,2.11,5,2026-05-15,2026-05-19
chinoo,1200,29.42,11,2.67,6,2026-05-02,2026-05-07,1200,21.83,10,2.18,5,2026-05-15,2026-05-19
maidenless,SAPEE,42.87,13,3.3,12,2026-05-01,2026-05-12,SAPEE,30.66,10,3.07,10,2026-05-15,2026-05-24
elSeba11Xx,LAS,29.23,10,2.92,6,2026-05-02,2026-05-07,LAS,13.48,5,2.7,5,2026-05-15,2026-05-19
SeeYouSoon,1800,40.04,13,3.08,7,2026-05-06,2026-05-12,1800,31.21,9,3.47,6,2026-05-16,2026-05-21
CarpinchoGoD,LAS,47.21,13,3.63,13,2026-04-30,2026-05-12,LAS,33.43,13,2.57,12,2026-05-14,2026-05-25
TomPlatz,0000,15.54,9,1.73,3,2026-05-04,2026-05-06,0000,11.12,7,1.59,2,2026-05-17,2026-05-18
FRAN MAIRA,3331,19.18,9,2.13,3,2026-05-11,2026-05-13,3331,13.29,8,1.66,4,2026-05-18,2026-05-21
Neurus,LAS,17.99,9,2.0,4,2026-05-08,2026-05-11,LAS,6.23,7,0.89,4,2026-05-13,2026-05-16
EuLeK,LAS,25.69,8,3.21,3,2026-05-10,2026-05-12,LAS,22.29,8,2.79,2,2026-05-15,2026-05-16
Pappers,LAS,30.06,10,3.01,4,2026-05-01,2026-05-04,LAS,21.35,9,2.37,3,2026-05-18,2026-05-20
KillVMaim,IDFC,44.67,13,3.44,9,2026-05-02,2026-05-10,IDFC,31.17,9,3.46,9,2026-05-13,2026-05-21
pancito36,4437,10.13,8,1.27,2,2026-05-02,2026-05-03,4437,8.96,6,1.49,1,2026-05-24,2026-05-24
tki44,222,20.4,9,2.27,4,2026-04-30,2026-05-03,222,13.91,7,1.99,5,2026-05-22,2026-05-26
alan2pac,LAS,24.0,9,2.67,5,2026-05-07,2026-05-11,LAS,21.98,11,2.0,4,2026-05-21,2026-05-24
Aeternum,LAS,7.15,5,1.43,2,2026-05-05,2026-05-06,LAS,9.67,7,1.38,3,2026-05-17,2026-05-19
Nomacitax,0069,23.11,11,2.1,8,2026-05-06,2026-05-13,0069,22.0,8,2.75,7,2026-05-13,2026-05-19
melvin,waos,30.16,10,3.02,4,2026-05-02,2026-05-05,waos,17.43,9,1.94,3,2026-05-24,2026-05-26
Respawn Love,LAS,29.56,11,2.69,5,2026-05-03,2026-05-07,LAS,17.78,7,2.54,4,2026-05-15,2026-05-18
KrawLee,1997,31.39,11,2.85,7,2026-05-03,2026-05-09,1997,26.42,9,2.94,6,2026-05-19,2026-05-24
frN,0202,12.73,8,1.59,4,2026-05-08,2026-05-11,0202,18.8,8,2.35,4,2026-05-17,2026-05-20
Chrollo Lucifer,HxH1,22.43,8,2.8,6,2026-05-04,2026-05-09,HxH1,19.33,8,2.42,5,2026-05-21,2026-05-25
Ragnar Lodbrok,VLH,17.2,11,1.56,6,2026-05-07,2026-05-12,VLH,14.24,10,1.42,7,2026-05-16,2026-05-22
imMonster,LAS,29.21,9,3.25,3,2026-05-11,2026-05-13,LAS,12.17,7,1.74,2,2026-05-13,2026-05-14
Marveliano,UCM,6.74,4,1.69,2,2026-05-02,2026-05-03,UCM,6.33,5,1.27,1,2026-05-18,2026-05-18
almostdead,lllll,17.29,8,2.16,3,2026-05-05,2026-05-07,lllll,13.95,8,1.74,2,2026-05-21,2026-05-22
TostadiitaOP,Jesi,25.35,12,2.11,7,2026-05-02,2026-05-08,Jesi,23.99,11,2.18,6,2026-05-16,2026-05-21
pudrete616,LAS,21.48,7,3.07,3,2026-04-30,2026-05-02,LAS,15.93,8,1.99,4,2026-05-22,2026-05-25
Rosetta,Lyor,30.85,10,3.08,4,2026-05-02,2026-05-05,Lyor,16.4,5,3.28,3,2026-05-21,2026-05-23
ComeToM,LAS,12.39,10,1.24,4,2026-05-03,2026-05-06,LAS,11.11,7,1.59,5,2026-05-13,2026-05-17
VladSuo,CR7,32.41,13,2.49,11,2026-05-02,2026-05-12,CR7,18.97,10,1.9,10,2026-05-16,2026-05-25
Khada jhin LIBRA,jhin4,19.48,9,2.16,7,2026-05-03,2026-05-09,jhin4,12.87,9,1.43,6,2026-05-14,2026-05-19
Nagumo Hajime,LAS,48.15,13,3.7,12,2026-04-30,2026-05-11,LAS,23.65,7,3.38,7,2026-05-18,2026-05-24
Labix,Goat,16.75,8,2.09,3,2026-05-03,2026-05-05,Goat,17.97,9,2.0,2,2026-05-17,2026-05-18
Zheva,LAS,20.05,7,2.86,3,2026-04-30,2026-05-02,LAS,23.93,11,2.18,2,2026-05-19,2026-05-20
Koreback,LAS,12.65,6,2.11,2,2026-05-01,2026-05-02,LAS,12.12,6,2.02,2,2026-05-18,2026-05-19
Ðarkîn bøw,GoNxt,53.56,13,4.12,8,2026-05-02,2026-05-09,GoNxt,30.51,9,3.39,7,2026-05-18,2026-05-24
Mikel,SEEEX,15.32,7,2.19,2,2026-05-12,2026-05-13,SEEEX,6.71,5,1.34,3,2026-05-24,2026-05-26
Little Bandido,LAS,14.29,7,2.04,4,2026-05-07,2026-05-10,LAS,6.52,5,1.3,3,2026-05-19,2026-05-21
KNONIMO EL FURIA,LAS,16.2,9,1.8,4,2026-04-30,2026-05-03,LAS,17.76,9,1.97,4,2026-05-15,2026-05-18
PesoPesado95,LAS,38.38,11,3.49,4,2026-05-07,2026-05-10,LAS,15.47,8,1.93,4,2026-05-14,2026-05-17
Sv3n,LAS,48.3,13,3.72,8,2026-05-05,2026-05-12,LAS,25.99,10,2.6,7,2026-05-19,2026-05-25
ZOYN,LAS,18.83,9,2.09,7,2026-05-03,2026-05-09,LAS,14.57,6,2.43,6,2026-05-13,2026-05-18
Avril,UwU,12.61,6,2.1,4,2026-05-05,2026-05-08,UwU,9.69,6,1.61,4,2026-05-22,2026-05-25
space cowboy,3194,22.77,9,2.53,6,2026-05-03,2026-05-08,3194,18.3,8,2.29,5,2026-05-21,2026-05-25
Pulga De Warwick,00001,31.83,11,2.89,9,2026-05-04,2026-05-12,00001,17.83,10,1.78,8,2026-05-18,2026-05-25
Ckotooh,LAS,35.58,12,2.96,10,2026-05-02,2026-05-11,LAS,21.86,9,2.43,9,2026-05-14,2026-05-22
Doryani,POET,35.96,11,3.27,4,2026-05-07,2026-05-10,POET,22.66,9,2.52,3,2026-05-14,2026-05-16
Tenshi No Shi,LAS,19.49,8,2.44,3,2026-04-30,2026-05-02,LAS,15.81,7,2.26,4,2026-05-13,2026-05-16
BLACK CAT,PIZZA,25.35,9,2.82,3,2026-04-30,2026-05-02,PIZZA,13.72,7,1.96,4,2026-05-19,2026-05-22
Yusah,LAS,12.28,6,2.05,2,2026-05-02,2026-05-03,LAS,12.92,9,1.44,1,2026-05-20,2026-05-20
RodriDraco,LAS,27.59,9,3.07,3,2026-04-30,2026-05-02,LAS,38.48,12,3.21,2,2026-05-16,2026-05-17
Girl is a gun,LAS,18.1,7,2.59,3,2026-05-05,2026-05-07,LAS,17.67,9,1.96,2,2026-05-25,2026-05-26
Elfaria,1355,26.64,13,2.05,13,2026-04-30,2026-05-12,1355,13.81,7,1.97,7,2026-05-15,2026-05-21
Wifelershow,7458,38.28,11,3.48,7,2026-05-04,2026-05-10,7458,29.36,12,2.45,7,2026-05-14,2026-05-20
TwilightShade,LAS,24.66,8,3.08,6,2026-05-06,2026-05-11,LAS,17.11,10,1.71,5,2026-05-18,2026-05-22
detructor444,LAS,39.96,13,3.07,9,2026-05-05,2026-05-13,LAS,28.0,9,3.11,8,2026-05-18,2026-05-25
puro ks,002,21.36,10,2.14,3,2026-05-01,2026-05-03,002,11.6,5,2.32,2,2026-05-16,2026-05-17
Swain KFC,COMBO,10.55,5,2.11,1,2026-05-10,2026-05-10,COMBO,8.65,9,0.96,2,2026-05-14,2026-05-15
差异顶部,ASR,23.97,8,3.0,3,2026-05-01,2026-05-03,ASR,12.16,6,2.03,2,2026-05-13,2026-05-14
Ecch,LAS,20.22,8,2.53,4,2026-05-06,2026-05-09,LAS,19.36,9,2.15,3,2026-05-13,2026-05-15
D4rK Asassin,LAS,6.64,5,1.33,3,2026-05-04,2026-05-06,LAS,19.18,9,2.13,4,2026-05-13,2026-05-16
Luis Yeager,LAS,11.31,8,1.41,3,2026-05-01,2026-05-03,LAS,14.96,8,1.87,4,2026-05-17,2026-05-20
Wagyu,LAS,32.49,11,2.95,7,2026-04-30,2026-05-06,LAS,17.67,10,1.77,6,2026-05-19,2026-05-24
BRG Velois,CEL,28.36,12,2.36,5,2026-05-01,2026-05-05,CEL,4.59,4,1.15,4,2026-05-20,2026-05-23
kclak,LAS,11.93,7,1.7,2,2026-05-12,2026-05-13,LAS,10.69,6,1.78,2,2026-05-24,2026-05-25
Sir Friijooliito,sera,8.38,5,1.68,2,2026-05-05,2026-05-06,sera,14.94,8,1.87,3,2026-05-23,2026-05-25
ivvo18,LAS,32.3,10,3.23,4,2026-05-07,2026-05-10,LAS,28.51,10,2.85,5,2026-05-22,2026-05-26
T1 DradKhan,SKT,37.31,12,3.11,8,2026-05-02,2026-05-09,SKT,33.25,12,2.77,7,2026-05-13,2026-05-19
ƒiuroxy,loveu,2.26,3,0.75,1,2026-05-08,2026-05-08,loveu,7.11,5,1.42,2,2026-05-22,2026-05-23
MeDeprimoFacil,uwu,14.07,9,1.56,6,2026-05-03,2026-05-08,uwu,4.67,3,1.56,3,2026-05-17,2026-05-19
hip0frenia,LAS,34.14,12,2.85,6,2026-05-07,2026-05-12,LAS,25.44,10,2.54,7,2026-05-18,2026-05-24
未来の音,1999,12.13,7,1.73,3,2026-05-06,2026-05-08,1999,4.06,3,1.35,3,2026-05-16,2026-05-18
Black Ivy,505,27.34,8,3.42,3,2026-05-11,2026-05-13,505,19.99,8,2.5,2,2026-05-22,2026-05-23
Yuta Okkotsu,5805,35.81,11,3.26,6,2026-05-01,2026-05-06,5805,25.2,9,2.8,5,2026-05-15,2026-05-19
EntrandoEnEsa,LAS,15.02,7,2.15,5,2026-05-01,2026-05-05,LAS,27.98,10,2.8,4,2026-05-23,2026-05-26
eL Dany DT,LAS,20.41,7,2.92,3,2026-05-01,2026-05-03,LAS,25.66,10,2.57,2,2026-05-13,2026-05-14
Lucky 38,Luck7,37.45,12,3.12,6,2026-05-07,2026-05-12,Luck7,24.54,9,2.73,7,2026-05-19,2026-05-25
Black Insomnia,0589,46.93,12,3.91,6,2026-04-30,2026-05-05,0589,42.74,12,3.56,7,2026-05-19,2026-05-25
juansethekof,LOS,24.37,11,2.22,6,2026-05-07,2026-05-12,LOS,21.58,10,2.16,5,2026-05-19,2026-05-23
Белая смерть,АРГ,28.31,10,2.83,3,2026-05-08,2026-05-10,АРГ,20.71,10,2.07,2,2026-05-25,2026-05-26
C13 Damz,LAS,27.28,10,2.73,5,2026-05-05,2026-05-09,LAS,20.12,9,2.24,6,2026-05-19,2026-05-24
c a r ö l i n a,ARS,27.08,11,2.46,4,2026-04-30,2026-05-03,ARS,22.91,10,2.29,3,2026-05-14,2026-05-16
Eifeldor,LAS,12.81,7,1.83,5,2026-05-02,2026-05-06,LAS,17.18,9,1.91,6,2026-05-15,2026-05-20
Andreik99,999,18.11,7,2.59,2,2026-05-12,2026-05-13,999,17.75,7,2.54,2,2026-05-16,2026-05-17
jodipe,Ahri,17.76,9,1.97,7,2026-05-06,2026-05-12,Ahri,15.77,9,1.75,8,2026-05-19,2026-05-26
SQUANCHØ,LAS,37.62,14,2.69,14,2026-04-30,2026-05-13,LAS,15.09,9,1.68,9,2026-05-17,2026-05-25
AlterMitico,Novus,22.56,7,3.22,3,2026-05-11,2026-05-13,Novus,26.55,11,2.41,2,2026-05-23,2026-05-24
DAO FUTURE,LAS,14.88,10,1.49,5,2026-05-01,2026-05-05,LAS,10.98,6,1.83,6,2026-05-13,2026-05-18
yiyawosao,LAS,19.5,7,2.79,2,2026-04-30,2026-05-01,LAS,32.48,12,2.71,2,2026-05-20,2026-05-21
CSSML NDSML,kahoz,24.07,9,2.67,5,2026-05-09,2026-05-13,kahoz,24.51,10,2.45,4,2026-05-23,2026-05-26
Zaikologic,Zaik,13.12,6,2.19,2,2026-05-10,2026-05-11,Zaik,22.87,12,1.91,1,2026-05-18,2026-05-18
qdanm,hiim,33.98,12,2.83,10,2026-05-01,2026-05-10,hiim,23.0,9,2.56,9,2026-05-15,2026-05-23
OMG Ken,LAS,20.67,11,1.88,7,2026-05-06,2026-05-12,LAS,16.36,6,2.73,6,2026-05-13,2026-05-18
aKaiRe,LAS,11.13,7,1.59,2,2026-05-10,2026-05-11,LAS,8.34,6,1.39,3,2026-05-16,2026-05-18
Emahtz,LAS,23.9,9,2.66,4,2026-05-08,2026-05-11,LAS,14.46,7,2.07,3,2026-05-15,2026-05-17
puckeffideb,LAS,27.6,11,2.51,5,2026-05-06,2026-05-10,LAS,19.53,9,2.17,6,2026-05-16,2026-05-21
Come Around Me,diazk,24.07,9,2.67,5,2026-05-08,2026-05-12,diazk,38.6,14,2.76,4,2026-05-17,2026-05-20
NeuraNura,Brem,10.52,6,1.75,1,2026-05-08,2026-05-08,Brem,21.32,8,2.67,1,2026-05-13,2026-05-13
xWarRx,LAS,18.22,10,1.82,7,2026-04-30,2026-05-06,LAS,7.73,6,1.29,6,2026-05-13,2026-05-18
Jaskisceviciuss,LAS,31.6,8,3.95,3,2026-05-08,2026-05-10,LAS,19.05,7,2.72,4,2026-05-16,2026-05-19
Don Titi,LAS,18.32,11,1.67,4,2026-04-30,2026-05-03,LAS,10.73,7,1.53,5,2026-05-16,2026-05-20
SOD Un Oso Wacho,9543,16.94,10,1.69,5,2026-04-30,2026-05-04,9543,10.7,6,1.78,4,2026-05-17,2026-05-20
Ziggsmund Freud,PANDI,16.59,7,2.37,3,2026-05-01,2026-05-03,PANDI,11.75,7,1.68,2,2026-05-25,2026-05-26
Rook Gendarmerie,LAS,19.74,10,1.97,4,2026-04-30,2026-05-03,LAS,19.16,9,2.13,5,2026-05-18,2026-05-22
Tea Lover,gkrmp,13.16,7,1.88,2,2026-05-07,2026-05-08,gkrmp,13.74,9,1.53,3,2026-05-14,2026-05-16
chérie lueur,maia,29.67,11,2.7,5,2026-05-06,2026-05-10,maia,19.94,8,2.49,6,2026-05-15,2026-05-20
IIIIIIIIIIIII,8413,7.85,6,1.31,2,2026-04-30,2026-05-01,8413,8.57,7,1.22,3,2026-05-24,2026-05-26
AlanBritoDl,LAS,23.94,10,2.39,3,2026-05-07,2026-05-09,LAS,15.19,7,2.17,4,2026-05-13,2026-05-16
jeshuco,777,16.91,7,2.42,3,2026-05-07,2026-05-09,777,15.14,8,1.89,4,2026-05-21,2026-05-24
zun,TLUCH,33.9,12,2.82,6,2026-05-01,2026-05-06,TLUCH,17.88,8,2.23,6,2026-05-21,2026-05-26
R Inst,8092,22.2,10,2.22,7,2026-05-02,2026-05-08,8092,15.28,7,2.18,6,2026-05-19,2026-05-24
Sephiroth,SSSSS,16.66,9,1.85,2,2026-05-11,2026-05-12,SSSSS,11.88,6,1.98,1,2026-05-18,2026-05-18
