Usuario,Tag,THT,ND,TPP,HPD,NPPD,DCJ,Riesgo
Syn_Al_0001,SYN,45.08,7,70,6.44,10.0,7,Alto
Syn_Al_0002,SYN,27.96,5,41,5.59,8.2,4,Alto
Syn_Al_0003,SYN,30.15,4,48,7.54,12.0,4,Alto
Syn_Al_0004,SYN,37.86,8,74,4.73,9.25,7,Alto
Syn_Al_0005,SYN,38.94,9,90,4.33,10.0,8,Alto
Syn_Al_0006,SYN,56.45,9,88,6.27,9.78,8,Alto
Syn_Al_0007,SYN,51.24,8,72,6.41,9.0,7,Alto
Syn_Al_0008,SYN,54.3,9,87,6.03,9.67,9,Alto
Syn_Al_0009,SYN,28.93,4,43,7.23,10.75,4,Alto
Syn_Al_0010,SYN,20.7,4,39,5.17,9.75,4,Alto
Syn_Al_0011,SYN,44.75,10,80,4.47,8.0,9,Alto
Syn_Al_0012,SYN,47.27,7,61,6.75,8.71,7,Alto
Syn_Al_0013,SYN,39.11,6,62,6.52,10.33,5,Alto
Syn_Al_0014,SYN,30.28,7,68,4.33,9.71,7,Alto
Syn_Al_0015,SYN,36.33,8,79,4.54,9.88,8,Alto
Syn_Al_0016,SYN,59.48,10,107,5.95,10.7,10,Alto
Syn_Al_0017,SYN,28.42,8,66,3.55,8.25,7,Alto
Syn_Al_0018,SYN,26.81,7,57,3.83,8.14,6,Alto
Syn_Al_0019,SYN,28.92,5,53,5.78,10.6,4,Alto
Syn_Al_0020,SYN,39.33,9,77,4.37,8.56,8,Alto
Syn_Al_0021,SYN,45.8,7,67,6.54,9.57,6,Alto
Syn_Al_0022,SYN,29.71,5,45,5.94,9.0,5,Alto
Syn_Al_0023,SYN,60.2,11,94,5.47,8.55,10,Alto
Syn_Al_0024,SYN,66.7,11,105,6.06,9.55,10,Alto
Syn_Al_0025,SYN,66.66,10,87,6.67,8.7,10,Alto
Syn_Al_0026,SYN,36.1,8,62,4.51,7.75,8,Alto
Syn_Al_0027,SYN,51.8,8,78,6.47,9.75,7,Alto
Syn_Al_0028,SYN,61.98,10,77,6.2,7.7,10,Alto
Syn_Al_0029,SYN,64.91,11,88,5.9,8.0,10,Alto
Syn_Al_0030,SYN,30.2,8,61,3.77,7.62,8,Alto
Syn_Al_0031,SYN,50.4,8,83,6.3,10.38,8,Alto
Syn_Al_0032,SYN,33.6,8,65,4.2,8.12,7,Alto
Syn_Al_0033,SYN,29.17,5,46,5.83,9.2,4,Alto
Syn_Al_0034,SYN,42.18,10,81,4.22,8.1,9,Alto
Syn_Al_0035,SYN,28.33,5,51,5.67,10.2,4,Alto
Syn_Al_0036,SYN,56.23,9,78,6.25,8.67,9,Alto
Syn_Al_0037,SYN,24.68,4,48,6.17,12.0,4,Alto
Syn_Al_0038,SYN,34.39,5,49,6.88,9.8,5,Alto
Syn_Al_0039,SYN,61.56,10,76,6.16,7.6,9,Alto
Syn_Al_0040,SYN,29.87,4,35,7.47,8.75,4,Alto
Syn_Al_0041,SYN,30.12,5,43,6.02,8.6,5,Alto
Syn_Al_0042,SYN,54.22,10,101,5.42,10.1,10,Alto
Syn_Al_0043,SYN,38.31,6,67,6.39,11.17,5,Alto
Syn_Al_0044,SYN,42.64,10,77,4.26,7.7,9,Alto
Syn_Al_0045,SYN,31.88,7,59,4.55,8.43,6,Alto
Syn_Al_0046,SYN,35.39,10,94,3.54,9.4,9,Alto
Syn_Al_0047,SYN,62.35,11,83,5.67,7.55,10,Alto
Syn_Al_0048,SYN,24.81,4,42,6.2,10.5,4,Alto
Syn_Al_0049,SYN,33.48,5,60,6.7,12.0,5,Alto
Syn_Al_0050,SYN,49.83,9,70,5.54,7.78,9,Alto
Syn_Al_0051,SYN,27.94,4,46,6.99,11.5,4,Alto
Syn_Al_0052,SYN,25.68,4,44,6.42,11.0,4,Alto
Syn_Al_0053,SYN,62.2,11,93,5.65,8.45,10,Alto
Syn_Al_0054,SYN,21.82,4,43,5.46,10.75,4,Alto
Syn_Al_0055,SYN,53.04,8,66,6.63,8.25,8,Alto
Syn_Al_0056,SYN,58.31,9,85,6.48,9.44,9,Alto
Syn_Al_0057,SYN,52.73,9,68,5.86,7.56,9,Alto
Syn_Al_0058,SYN,27.35,7,52,3.91,7.43,7,Alto
Syn_Al_0059,SYN,53.66,9,81,5.96,9.0,8,Alto
Syn_Al_0060,SYN,43.94,8,65,5.49,8.12,7,Alto
Syn_Al_0061,SYN,27.93,4,40,6.98,10.0,4,Alto
Syn_Al_0062,SYN,66.12,10,87,6.61,8.7,9,Alto
Syn_Al_0063,SYN,67.11,10,96,6.71,9.6,10,Alto
Syn_Al_0064,SYN,27.74,4,43,6.93,10.75,4,Alto
Syn_Al_0065,SYN,53.93,9,83,5.99,9.22,9,Alto
Syn_Al_0066,SYN,36.87,9,81,4.1,9.0,9,Alto
Syn_Al_0067,SYN,47.32,8,82,5.92,10.25,7,Alto
Syn_Al_0068,SYN,61.57,10,99,6.16,9.9,9,Alto
Syn_Al_0069,SYN,41.63,10,87,4.16,8.7,9,Alto
Syn_Al_0070,SYN,26.05,5,53,5.21,10.6,5,Alto
Syn_Al_0071,SYN,68.61,10,106,6.86,10.6,9,Alto
Syn_Al_0072,SYN,45.5,7,65,6.5,9.29,7,Alto
Syn_Al_0073,SYN,30.34,8,62,3.79,7.75,7,Alto
Syn_Al_0074,SYN,32.78,5,45,6.56,9.0,5,Alto
Syn_Al_0075,SYN,38.71,6,48,6.45,8.0,6,Alto
Syn_Al_0076,SYN,33.42,8,76,4.18,9.5,8,Alto
Syn_Al_0077,SYN,33.74,7,67,4.82,9.57,6,Alto
Syn_Al_0078,SYN,28.64,5,46,5.73,9.2,5,Alto
Syn_Al_0079,SYN,51.37,8,83,6.42,10.38,8,Alto
Syn_Al_0080,SYN,57.06,10,95,5.71,9.5,10,Alto
Syn_Al_0081,SYN,40.44,7,76,5.78,10.86,6,Alto
Syn_Al_0082,SYN,25.13,6,45,4.19,7.5,6,Alto
Syn_Al_0083,SYN,46.63,10,99,4.66,9.9,9,Alto
Syn_Al_0084,SYN,26.36,5,53,5.27,10.6,5,Alto
Syn_Al_0085,SYN,38.33,8,71,4.79,8.88,8,Alto
Syn_Al_0086,SYN,51.57,9,82,5.73,9.11,9,Alto
Syn_Al_0087,SYN,29.44,5,42,5.89,8.4,5,Alto
Syn_Al_0088,SYN,37.35,7,68,5.34,9.71,7,Alto
Syn_Al_0089,SYN,45.74,8,73,5.72,9.12,7,Alto
Syn_Al_0090,SYN,42.46,9,67,4.72,7.44,9,Alto
Syn_Al_0091,SYN,49.42,9,79,5.49,8.78,9,Alto
Syn_Al_0092,SYN,20.9,4,37,5.22,9.25,4,Alto
Syn_Al_0093,SYN,34.93,8,69,4.37,8.62,8,Alto
Syn_Al_0094,SYN,27.07,7,69,3.87,9.86,7,Alto
Syn_Al_0095,SYN,40.02,7,66,5.72,9.43,6,Alto
Syn_Al_0096,SYN,36.27,6,50,6.05,8.33,6,Alto
Syn_Al_0097,SYN,29.76,4,37,7.44,9.25,4,Alto
Syn_Al_0098,SYN,57.86,10,89,5.79,8.9,9,Alto
Syn_Al_0099,SYN,55.22,10,85,5.52,8.5,9,Alto
Syn_Al_0100,SYN,25.14,7,64,3.59,9.14,6,Alto
Syn_Al_0101,SYN,36.96,6,65,6.16,10.83,6,Alto
Syn_Al_0102,SYN,63.25,10,93,6.33,9.3,10,Alto
Syn_Al_0103,SYN,48.67,8,75,6.08,9.38,7,Alto
Syn_Al_0104,SYN,47.92,8,70,5.99,8.75,7,Alto
Syn_Al_0105,SYN,51.26,8,81,6.41,10.12,8,Alto
Syn_Al_0106,SYN,44.69,9,84,4.97,9.33,8,Alto
Syn_Al_0107,SYN,33.85,6,56,5.64,9.33,5,Alto
Syn_Al_0108,SYN,29.51,6,59,4.92,9.83,6,Alto
Syn_Al_0109,SYN,44.4,8,82,5.55,10.25,7,Alto
Syn_Al_0110,SYN,27.38,5,51,5.48,10.2,5,Alto
Syn_Al_0111,SYN,30.71,7,56,4.39,8.0,6,Alto
Syn_Al_0112,SYN,45.84,8,79,5.73,9.88,7,Alto
Syn_Al_0113,SYN,56.84,10,91,5.68,9.1,9,Alto
Syn_Al_0114,SYN,57.19,9,69,6.35,7.67,9,Alto
Syn_Al_0115,SYN,42.59,6,67,7.1,11.17,5,Alto
Syn_Al_0116,SYN,36.3,5,55,7.26,11.0,5,Alto
Syn_Al_0117,SYN,43.85,9,69,4.87,7.67,9,Alto
Syn_Al_0118,SYN,72.52,11,90,6.59,8.18,10,Alto
Syn_Al_0119,SYN,24.57,7,54,3.51,7.71,7,Alto
Syn_Al_0120,SYN,65.04,10,95,6.5,9.5,9,Alto
Syn_Al_0121,SYN,43.69,9,78,4.85,8.67,9,Alto
Syn_Al_0122,SYN,30.13,5,50,6.03,10.0,4,Alto
Syn_Al_0123,SYN,33.17,5,47,6.63,9.4,4,Alto
Syn_Al_0124,SYN,55.38,10,77,5.54,7.7,10,Alto
Syn_Al_0125,SYN,29.34,4,43,7.33,10.75,4,Alto
Syn_Al_0126,SYN,56.7,10,92,5.67,9.2,9,Alto
Syn_Al_0127,SYN,68.73,11,95,6.25,8.64,10,Alto
Syn_Al_0128,SYN,42.08,7,62,6.01,8.86,7,Alto
Syn_Al_0129,SYN,33.32,7,56,4.76,8.0,7,Alto
Syn_Al_0130,SYN,59.36,11,104,5.4,9.45,10,Alto
Syn_Al_0131,SYN,55.76,10,95,5.58,9.5,9,Alto
Syn_Al_0132,SYN,40.06,8,71,5.01,8.88,7,Alto
Syn_Al_0133,SYN,45.64,7,64,6.52,9.14,7,Alto
Syn_Al_0134,SYN,56.52,10,104,5.65,10.4,10,Alto
Syn_Al_0135,SYN,41.11,6,53,6.85,8.83,5,Alto
Syn_Al_0136,SYN,26.77,5,49,5.35,9.8,5,Alto
Syn_Al_0137,SYN,31.35,5,47,6.27,9.4,4,Alto
Syn_Al_0138,SYN,34.66,5,46,6.93,9.2,4,Alto
Syn_Al_0139,SYN,43.29,6,58,7.21,9.67,5,Alto
Syn_Al_0140,SYN,34.31,7,52,4.9,7.43,6,Alto
Syn_Al_0141,SYN,25.68,7,64,3.67,9.14,6,Alto
Syn_Al_0142,SYN,60.71,9,98,6.75,10.89,8,Alto
Syn_Al_0143,SYN,34.04,5,60,6.81,12.0,5,Alto
Syn_Al_0144,SYN,28.44,4,39,7.11,9.75,4,Alto
Syn_Al_0145,SYN,34.85,9,81,3.87,9.0,9,Alto
Syn_Al_0146,SYN,42.85,8,62,5.36,7.75,8,Alto
Syn_Al_0147,SYN,55.71,10,93,5.57,9.3,10,Alto
Syn_Al_0148,SYN,53.54,8,73,6.69,9.12,8,Alto
Syn_Al_0149,SYN,35.73,8,68,4.47,8.5,7,Alto
Syn_Al_0150,SYN,55.64,8,87,6.96,10.88,7,Alto
Syn_Al_0151,SYN,21.9,4,39,5.47,9.75,4,Alto
Syn_Al_0152,SYN,36.96,5,42,7.39,8.4,4,Alto
Syn_Al_0153,SYN,25.63,7,61,3.66,8.71,6,Alto
Syn_Al_0154,SYN,25.28,6,56,4.21,9.33,6,Alto
Syn_Al_0155,SYN,34.01,5,44,6.8,8.8,5,Alto
Syn_Al_0156,SYN,23.98,4,42,6.0,10.5,4,Alto
Syn_Al_0157,SYN,39.1,7,65,5.59,9.29,6,Alto
Syn_Al_0158,SYN,65.44,10,77,6.54,7.7,9,Alto
Syn_Al_0159,SYN,43.89,7,61,6.27,8.71,7,Alto
Syn_Al_0160,SYN,48.81,7,67,6.97,9.57,6,Alto
Syn_Al_0161,SYN,41.01,7,70,5.86,10.0,7,Alto
Syn_Al_0162,SYN,42.53,7,59,6.08,8.43,7,Alto
Syn_Al_0163,SYN,50.49,9,80,5.61,8.89,8,Alto
Syn_Al_0164,SYN,44.42,6,62,7.4,10.33,5,Alto
Syn_Al_0165,SYN,53.45,8,83,6.68,10.38,8,Alto
Syn_Al_0166,SYN,51.13,9,86,5.68,9.56,8,Alto
Syn_Al_0167,SYN,46.15,7,61,6.59,8.71,6,Alto
Syn_Al_0168,SYN,72.14,11,97,6.56,8.82,10,Alto
Syn_Al_0169,SYN,40.1,6,64,6.68,10.67,5,Alto
Syn_Al_0170,SYN,66.61,10,75,6.66,7.5,10,Alto
Syn_Al_0171,SYN,21.96,4,43,5.49,10.75,4,Alto
Syn_Al_0172,SYN,26.84,4,38,6.71,9.5,4,Alto
Syn_Al_0173,SYN,40.39,6,53,6.73,8.83,6,Alto
Syn_Al_0174,SYN,41.34,7,68,5.91,9.71,7,Alto
Syn_Al_0175,SYN,40.38,6,51,6.73,8.5,6,Alto
Syn_Al_0176,SYN,50.42,8,60,6.3,7.5,7,Alto
Syn_Al_0177,SYN,41.5,6,70,6.92,11.67,5,Alto
Syn_Al_0178,SYN,62.73,10,78,6.27,7.8,10,Alto
Syn_Al_0179,SYN,35.46,9,81,3.94,9.0,9,Alto
Syn_Al_0180,SYN,56.27,9,71,6.25,7.89,8,Alto
Syn_Al_0181,SYN,36.15,5,48,7.23,9.6,4,Alto
Syn_Al_0182,SYN,58.2,10,110,5.82,11.0,10,Alto
Syn_Al_0183,SYN,32.99,5,44,6.6,8.8,4,Alto
Syn_Al_0184,SYN,40.37,7,74,5.77,10.57,7,Alto
Syn_Al_0185,SYN,29.18,7,63,4.17,9.0,6,Alto
Syn_Al_0186,SYN,49.13,10,92,4.91,9.2,9,Alto
Syn_Al_0187,SYN,47.45,8,74,5.93,9.25,7,Alto
Syn_Al_0188,SYN,32.3,5,45,6.46,9.0,4,Alto
Syn_Al_0189,SYN,41.01,7,56,5.86,8.0,6,Alto
Syn_Al_0190,SYN,36.89,10,85,3.69,8.5,9,Alto
Syn_Al_0191,SYN,27.4,5,59,5.48,11.8,4,Alto
Syn_Al_0192,SYN,52.83,9,96,5.87,10.67,9,Alto
Syn_Al_0193,SYN,30.92,7,67,4.42,9.57,7,Alto
Syn_Al_0194,SYN,46.75,8,84,5.84,10.5,8,Alto
Syn_Al_0195,SYN,58.56,10,105,5.86,10.5,10,Alto
Syn_Al_0196,SYN,30.13,5,43,6.03,8.6,4,Alto
Syn_Al_0197,SYN,28.63,5,42,5.73,8.4,4,Alto
Syn_Al_0198,SYN,32.14,5,57,6.43,11.4,4,Alto
Syn_Al_0199,SYN,32.85,6,61,5.48,10.17,5,Alto
Syn_Al_0200,SYN,48.96,10,76,4.9,7.6,9,Alto
Syn_Al_0201,SYN,42.29,9,84,4.7,9.33,9,Alto
Syn_Al_0202,SYN,52.17,9,97,5.8,10.78,9,Alto
Syn_Al_0203,SYN,41.87,7,75,5.98,10.71,6,Alto
Syn_Al_0204,SYN,63.19,10,100,6.32,10.0,10,Alto
Syn_Al_0205,SYN,43.96,10,74,4.4,7.4,9,Alto
Syn_Al_0206,SYN,28.07,4,34,7.02,8.5,4,Alto
Syn_Al_0207,SYN,41.44,6,56,6.91,9.33,5,Alto
Syn_Al_0208,SYN,41.69,7,57,5.96,8.14,7,Alto
Syn_Al_0209,SYN,47.47,10,99,4.75,9.9,9,Alto
Syn_Al_0210,SYN,36.04,6,71,6.01,11.83,5,Alto
Syn_Al_0211,SYN,32.75,8,72,4.09,9.0,7,Alto
Syn_Al_0212,SYN,39.26,10,88,3.93,8.8,9,Alto
Syn_Al_0213,SYN,42.4,9,69,4.71,7.67,9,Alto
Syn_Al_0214,SYN,32.62,7,64,4.66,9.14,6,Alto
Syn_Al_0215,SYN,32.46,5,53,6.49,10.6,5,Alto
Syn_Al_0216,SYN,45.66,7,55,6.52,7.86,6,Alto
Syn_Al_0217,SYN,35.47,5,43,7.09,8.6,5,Alto
Syn_Al_0218,SYN,53.62,8,70,6.7,8.75,8,Alto
Syn_Al_0219,SYN,22.05,6,47,3.68,7.83,6,Alto
Syn_Al_0220,SYN,22.58,4,37,5.64,9.25,4,Alto
Syn_Al_0221,SYN,75.92,11,94,6.9,8.55,10,Alto
Syn_Al_0222,SYN,46.09,7,72,6.58,10.29,7,Alto
Syn_Al_0223,SYN,63.67,11,88,5.79,8.0,10,Alto
Syn_Al_0224,SYN,35.88,5,43,7.18,8.6,5,Alto
Syn_Al_0225,SYN,52.63,8,62,6.58,7.75,7,Alto
Syn_Al_0226,SYN,29.45,7,54,4.21,7.71,6,Alto
Syn_Al_0227,SYN,26.73,5,56,5.35,11.2,4,Alto
Syn_Al_0228,SYN,55.02,10,91,5.5,9.1,9,Alto
Syn_Al_0229,SYN,38.49,7,70,5.5,10.0,7,Alto
Syn_Al_0230,SYN,52.14,8,78,6.52,9.75,8,Alto
Syn_Al_0231,SYN,47.8,10,96,4.78,9.6,9,Alto
Syn_Al_0232,SYN,49.19,9,70,5.47,7.78,8,Alto
Syn_Al_0233,SYN,29.66,5,57,5.93,11.4,5,Alto
Syn_Al_0234,SYN,36.22,5,56,7.24,11.2,4,Alto
Syn_Me_0001,SYN,26.35,7,36,3.76,5.14,5,Medio
Syn_Me_0002,SYN,47.7,14,83,3.41,5.93,5,Medio
Syn_Me_0003,SYN,32.08,9,55,3.56,6.11,4,Medio
Syn_Me_0004,SYN,26.49,9,73,2.94,8.11,4,Medio
Syn_Me_0005,SYN,32.28,9,49,3.59,5.44,6,Medio
Syn_Me_0006,SYN,30.01,7,53,4.29,7.57,2,Medio
Syn_Me_0007,SYN,54.46,14,71,3.89,5.07,5,Medio
Syn_Me_0008,SYN,43.98,13,72,3.38,5.54,4,Medio
Syn_Me_0009,SYN,59.27,15,89,3.95,5.93,7,Medio
Syn_Me_0010,SYN,51.79,13,109,3.98,8.38,2,Medio
Syn_Me_0011,SYN,31.12,13,109,2.39,8.38,5,Medio
Syn_Me_0012,SYN,40.76,13,81,3.14,6.23,6,Medio
Syn_Me_0013,SYN,36.99,10,60,3.7,6.0,6,Medio
Syn_Me_0014,SYN,36.03,11,61,3.28,5.55,5,Medio
Syn_Me_0015,SYN,59.88,14,103,4.28,7.36,2,Medio
Syn_Me_0016,SYN,11.69,7,56,1.67,8.0,4,Medio
Syn_Me_0017,SYN,23.61,7,37,3.37,5.29,7,Medio
Syn_Me_0018,SYN,48.19,13,81,3.71,6.23,6,Medio
Syn_Me_0019,SYN,15.95,9,64,1.77,7.11,5,Medio
Syn_Me_0020,SYN,27.48,9,45,3.05,5.0,7,Medio
Syn_Me_0021,SYN,51.53,15,67,3.44,4.47,5,Medio
Syn_Me_0022,SYN,30.8,9,59,3.42,6.56,4,Medio
Syn_Me_0023,SYN,22.05,12,100,1.84,8.33,4,Medio
Syn_Me_0024,SYN,43.45,12,98,3.62,8.17,2,Medio
Syn_Me_0025,SYN,49.93,15,70,3.33,4.67,6,Medio
Syn_Me_0026,SYN,40.19,11,59,3.65,5.36,4,Medio
Syn_Me_0027,SYN,16.77,5,37,3.35,7.4,1,Medio
Syn_Me_0028,SYN,13.97,7,54,2.0,7.71,4,Medio
Syn_Me_0029,SYN,58.84,15,87,3.92,5.8,4,Medio
Syn_Me_0030,SYN,39.96,11,60,3.63,5.45,4,Medio
Syn_Me_0031,SYN,8.8,4,33,2.2,8.25,4,Medio
Syn_Me_0032,SYN,51.6,12,65,4.3,5.42,5,Medio
Syn_Me_0033,SYN,46.36,13,66,3.57,5.08,5,Medio
Syn_Me_0034,SYN,16.98,4,21,4.25,5.25,4,Medio
Syn_Me_0035,SYN,42.76,11,86,3.89,7.82,3,Medio
Syn_Me_0036,SYN,31.55,13,93,2.43,7.15,5,Medio
Syn_Me_0037,SYN,48.53,11,65,4.41,5.91,4,Medio
Syn_Me_0038,SYN,10.66,6,45,1.78,7.5,4,Medio
Syn_Me_0039,SYN,45.25,12,58,3.77,4.83,7,Medio
Syn_Me_0040,SYN,14.36,3,22,4.79,7.33,2,Medio
Syn_Me_0041,SYN,20.21,6,51,3.37,8.5,1,Medio
Syn_Me_0042,SYN,13.78,3,26,4.59,8.67,3,Medio
Syn_Me_0043,SYN,47.51,12,68,3.96,5.67,5,Medio
Syn_Me_0044,SYN,61.62,14,77,4.4,5.5,5,Medio
Syn_Me_0045,SYN,38.75,10,63,3.88,6.3,4,Medio
Syn_Me_0046,SYN,47.51,11,68,4.32,6.18,5,Medio
Syn_Me_0047,SYN,57.07,15,117,3.8,7.8,3,Medio
Syn_Me_0048,SYN,45.66,12,60,3.8,5.0,5,Medio
Syn_Me_0049,SYN,36.98,9,52,4.11,5.78,4,Medio
Syn_Me_0050,SYN,54.17,13,82,4.17,6.31,7,Medio
Syn_Me_0051,SYN,53.49,14,79,3.82,5.64,5,Medio
Syn_Me_0052,SYN,25.71,6,37,4.29,6.17,6,Medio
Syn_Me_0053,SYN,22.11,7,45,3.16,6.43,6,Medio
Syn_Me_0054,SYN,18.73,5,26,3.75,5.2,4,Medio
Syn_Me_0055,SYN,25.74,8,45,3.22,5.62,5,Medio
Syn_Me_0056,SYN,26.63,8,49,3.33,6.12,6,Medio
Syn_Me_0057,SYN,36.13,14,109,2.58,7.79,4,Medio
Syn_Me_0058,SYN,21.18,6,33,3.53,5.5,5,Medio
Syn_Me_0059,SYN,28.64,9,41,3.18,4.56,6,Medio
Syn_Me_0060,SYN,13.62,9,65,1.51,7.22,5,Medio
Syn_Me_0061,SYN,24.31,6,27,4.05,4.5,4,Medio
Syn_Me_0062,SYN,13.87,8,61,1.73,7.62,5,Medio
Syn_Me_0063,SYN,41.12,12,70,3.43,5.83,4,Medio
Syn_Me_0064,SYN,27.31,8,61,3.41,7.62,2,Medio
Syn_Me_0065,SYN,62.93,15,75,4.2,5.0,4,Medio
Syn_Me_0066,SYN,29.71,7,41,4.24,5.86,5,Medio
Syn_Me_0067,SYN,22.83,7,41,3.26,5.86,4,Medio
Syn_Me_0068,SYN,28.57,8,46,3.57,5.75,4,Medio
Syn_Me_0069,SYN,42.77,9,72,4.75,8.0,2,Medio
Syn_Me_0070,SYN,37.41,13,93,2.88,7.15,4,Medio
Syn_Me_0071,SYN,34.45,12,97,2.87,8.08,5,Medio
Syn_Me_0072,SYN,39.22,12,63,3.27,5.25,5,Medio
Syn_Me_0073,SYN,40.87,11,93,3.72,8.45,1,Medio
Syn_Me_0074,SYN,22.0,12,99,1.83,8.25,5,Medio
Syn_Me_0075,SYN,44.68,10,87,4.47,8.7,1,Medio
Syn_Me_0076,SYN,36.86,8,69,4.61,8.62,2,Medio
Syn_Me_0077,SYN,16.88,7,50,2.41,7.14,5,Medio
Syn_Me_0078,SYN,64.73,13,95,4.98,7.31,2,Medio
Syn_Me_0079,SYN,36.14,14,103,2.58,7.36,4,Medio
Syn_Me_0080,SYN,19.36,12,90,1.61,7.5,5,Medio
Syn_Me_0081,SYN,48.44,14,74,3.46,5.29,6,Medio
Syn_Me_0082,SYN,47.71,12,59,3.98,4.92,5,Medio
Syn_Me_0083,SYN,43.74,13,75,3.36,5.77,6,Medio
Syn_Me_0084,SYN,38.64,14,113,2.76,8.07,5,Medio
Syn_Me_0085,SYN,47.7,11,59,4.34,5.36,6,Medio
Syn_Me_0086,SYN,27.72,8,39,3.46,4.88,5,Medio
Syn_Me_0087,SYN,35.64,9,41,3.96,4.56,4,Medio
Syn_Me_0088,SYN,36.91,11,63,3.36,5.73,6,Medio
Syn_Me_0089,SYN,20.91,5,24,4.18,4.8,5,Medio
Syn_Me_0090,SYN,48.17,12,68,4.01,5.67,5,Medio
Syn_Me_0091,SYN,19.65,6,35,3.27,5.83,5,Medio
Syn_Me_0092,SYN,52.54,12,107,4.38,8.92,3,Medio
Syn_Me_0093,SYN,20.25,9,73,2.25,8.11,4,Medio
Syn_Me_0094,SYN,35.99,13,105,2.77,8.08,4,Medio
Syn_Me_0095,SYN,37.16,10,46,3.72,4.6,4,Medio
Syn_Me_0096,SYN,28.68,7,45,4.1,6.43,6,Medio
Syn_Me_0097,SYN,27.72,7,34,3.96,4.86,7,Medio
Syn_Me_0098,SYN,34.93,8,66,4.37,8.25,1,Medio
Syn_Me_0099,SYN,25.36,7,37,3.62,5.29,7,Medio
Syn_Me_0100,SYN,37.98,9,56,4.22,6.22,6,Medio
Syn_Me_0101,SYN,48.62,14,105,3.47,7.5,3,Medio
Syn_Me_0102,SYN,71.08,15,116,4.74,7.73,2,Medio
Syn_Me_0103,SYN,36.0,9,77,4.0,8.56,1,Medio
Syn_Me_0104,SYN,38.55,11,60,3.5,5.45,5,Medio
Syn_Me_0105,SYN,72.67,15,118,4.84,7.87,1,Medio
Syn_Me_0106,SYN,18.99,4,30,4.75,7.5,1,Medio
Syn_Me_0107,SYN,59.54,15,132,3.97,8.8,3,Medio
Syn_Me_0108,SYN,16.98,9,76,1.89,8.44,4,Medio
Syn_Me_0109,SYN,30.89,8,51,3.86,6.38,5,Medio
Syn_Me_0110,SYN,48.57,14,107,3.47,7.64,3,Medio
Syn_Me_0111,SYN,49.15,13,61,3.78,4.69,5,Medio
Syn_Me_0112,SYN,19.9,12,99,1.66,8.25,5,Medio
Syn_Me_0113,SYN,47.82,13,62,3.68,4.77,5,Medio
Syn_Me_0114,SYN,47.77,15,73,3.18,4.87,6,Medio
Syn_Me_0115,SYN,36.79,13,107,2.83,8.23,5,Medio
Syn_Me_0116,SYN,31.59,9,43,3.51,4.78,4,Medio
Syn_Me_0117,SYN,25.3,6,34,4.22,5.67,6,Medio
Syn_Me_0118,SYN,30.03,9,51,3.34,5.67,4,Medio
Syn_Me_0119,SYN,20.39,6,38,3.4,6.33,4,Medio
Syn_Me_0120,SYN,11.27,4,31,2.82,7.75,4,Medio
Syn_Me_0121,SYN,55.75,15,86,3.72,5.73,7,Medio
Syn_Me_0122,SYN,44.58,10,49,4.46,4.9,5,Medio
Syn_Me_0123,SYN,20.39,5,38,4.08,7.6,1,Medio
Syn_Me_0124,SYN,53.29,13,75,4.1,5.77,7,Medio
Syn_Me_0125,SYN,34.38,11,60,3.13,5.45,7,Medio
Syn_Me_0126,SYN,41.55,11,54,3.78,4.91,4,Medio
Syn_Me_0127,SYN,41.02,11,53,3.73,4.82,4,Medio
Syn_Me_0128,SYN,20.77,10,79,2.08,7.9,4,Medio
Syn_Me_0129,SYN,36.07,12,51,3.01,4.25,7,Medio
Syn_Me_0130,SYN,68.05,14,105,4.86,7.5,2,Medio
Syn_Me_0131,SYN,16.32,4,22,4.08,5.5,4,Medio
Syn_Me_0132,SYN,22.15,5,22,4.43,4.4,5,Medio
Syn_Me_0133,SYN,19.18,4,34,4.79,8.5,1,Medio
Syn_Me_0134,SYN,14.29,3,22,4.76,7.33,1,Medio
Syn_Me_0135,SYN,31.08,8,66,3.88,8.25,1,Medio
Syn_Me_0136,SYN,14.78,6,47,2.46,7.83,4,Medio
Syn_Me_0137,SYN,26.81,6,35,4.47,5.83,4,Medio
Syn_Me_0138,SYN,48.33,14,87,3.45,6.21,5,Medio
Syn_Me_0139,SYN,26.18,13,92,2.01,7.08,5,Medio
Syn_Me_0140,SYN,30.64,8,41,3.83,5.12,5,Medio
Syn_Me_0141,SYN,16.67,4,20,4.17,5.0,4,Medio
Syn_Me_0142,SYN,29.63,9,53,3.29,5.89,4,Medio
Syn_Me_0143,SYN,51.48,12,72,4.29,6.0,5,Medio
Syn_Me_0144,SYN,34.54,10,59,3.45,5.9,6,Medio
Syn_Me_0145,SYN,13.23,4,20,3.31,5.0,4,Medio
Syn_Me_0146,SYN,19.18,5,28,3.84,5.6,5,Medio
Syn_Me_0147,SYN,10.36,6,44,1.73,7.33,4,Medio
Syn_Me_0148,SYN,36.73,11,80,3.34,7.27,2,Medio
Syn_Me_0149,SYN,50.62,14,70,3.62,5.0,4,Medio
Syn_Me_0150,SYN,29.99,7,57,4.28,8.14,3,Medio
Syn_Me_0151,SYN,49.35,15,83,3.29,5.53,5,Medio
Syn_Me_0152,SYN,10.78,3,27,3.59,9.0,2,Medio
Syn_Me_0153,SYN,11.13,3,26,3.71,8.67,1,Medio
Syn_Me_0154,SYN,39.04,11,46,3.55,4.18,7,Medio
Syn_Me_0155,SYN,33.43,12,102,2.79,8.5,4,Medio
Syn_Me_0156,SYN,48.31,10,83,4.83,8.3,3,Medio
Syn_Me_0157,SYN,14.07,4,30,3.52,7.5,2,Medio
Syn_Me_0158,SYN,18.14,5,32,3.63,6.4,5,Medio
Syn_Me_0159,SYN,20.84,12,97,1.74,8.08,5,Medio
Syn_Me_0160,SYN,24.58,6,32,4.1,5.33,6,Medio
Syn_Me_0161,SYN,21.61,5,23,4.32,4.6,5,Medio
Syn_Me_0162,SYN,22.2,5,42,4.44,8.4,1,Medio
Syn_Me_0163,SYN,72.12,15,129,4.81,8.6,1,Medio
Syn_Me_0164,SYN,40.46,9,56,4.5,6.22,5,Medio
Syn_Me_0165,SYN,25.64,6,35,4.27,5.83,4,Medio
Syn_Me_0166,SYN,22.21,5,30,4.44,6.0,5,Medio
Syn_Me_0167,SYN,46.12,10,85,4.61,8.5,3,Medio
Syn_Me_0168,SYN,33.79,15,120,2.25,8.0,5,Medio
Syn_Me_0169,SYN,35.46,8,64,4.43,8.0,3,Medio
Syn_Me_0170,SYN,28.53,6,48,4.75,8.0,3,Medio
Syn_Me_0171,SYN,47.99,11,56,4.36,5.09,4,Medio
Syn_Me_0172,SYN,20.74,5,32,4.15,6.4,5,Medio
Syn_Me_0173,SYN,49.62,13,82,3.82,6.31,4,Medio
Syn_Me_0174,SYN,39.51,8,68,4.94,8.5,2,Medio
Syn_Me_0175,SYN,42.08,10,63,4.21,6.3,5,Medio
Syn_Me_0176,SYN,45.51,12,64,3.79,5.33,7,Medio
Syn_Me_0177,SYN,27.31,7,37,3.9,5.29,6,Medio
Syn_Me_0178,SYN,25.06,7,43,3.58,6.14,5,Medio
Syn_Me_0179,SYN,52.02,13,61,4.0,4.69,4,Medio
Syn_Me_0180,SYN,17.86,5,24,3.57,4.8,4,Medio
Syn_Me_0181,SYN,35.87,8,41,4.48,5.12,4,Medio
Syn_Me_0182,SYN,26.73,8,38,3.34,4.75,4,Medio
Syn_Me_0183,SYN,20.3,9,72,2.26,8.0,4,Medio
Syn_Me_0184,SYN,39.79,9,58,4.42,6.44,4,Medio
Syn_Me_0185,SYN,49.94,15,108,3.33,7.2,1,Medio
Syn_Me_0186,SYN,65.99,15,76,4.4,5.07,4,Medio
Syn_Me_0187,SYN,20.98,5,31,4.2,6.2,5,Medio
Syn_Me_0188,SYN,28.68,7,34,4.1,4.86,4,Medio
Syn_Me_0189,SYN,30.31,8,47,3.79,5.88,5,Medio
Syn_Me_0190,SYN,37.96,11,94,3.45,8.55,2,Medio
Syn_Me_0191,SYN,35.32,8,61,4.42,7.62,3,Medio
Syn_Me_0192,SYN,34.67,15,122,2.31,8.13,4,Medio
Syn_Me_0193,SYN,54.07,11,93,4.92,8.45,2,Medio
Syn_Me_0194,SYN,48.4,14,121,3.46,8.64,2,Medio
Syn_Me_0195,SYN,38.38,9,50,4.26,5.56,5,Medio
Syn_Me_0196,SYN,49.06,11,94,4.46,8.55,1,Medio
Syn_Me_0197,SYN,19.22,6,28,3.2,4.67,6,Medio
Syn_Me_0198,SYN,34.76,10,78,3.48,7.8,1,Medio
Syn_Me_0199,SYN,49.84,12,70,4.15,5.83,6,Medio
Syn_Me_0200,SYN,57.49,15,91,3.83,6.07,7,Medio
Syn_Me_0201,SYN,36.59,11,65,3.33,5.91,4,Medio
Syn_Me_0202,SYN,50.57,15,73,3.37,4.87,4,Medio
Syn_Me_0203,SYN,45.89,13,80,3.53,6.15,5,Medio
Syn_Me_0204,SYN,32.03,9,81,3.56,9.0,2,Medio
Syn_Me_0205,SYN,24.11,6,48,4.02,8.0,1,Medio
Syn_Me_0206,SYN,9.28,4,33,2.32,8.25,4,Medio
Syn_Me_0207,SYN,24.58,7,44,3.51,6.29,5,Medio
Syn_Me_0208,SYN,53.53,13,74,4.12,5.69,4,Medio
Syn_Me_0209,SYN,46.27,11,54,4.21,4.91,5,Medio
Syn_Me_0210,SYN,31.4,9,57,3.49,6.33,4,Medio
Syn_Me_0211,SYN,39.91,10,64,3.99,6.4,5,Medio
Syn_Me_0212,SYN,34.8,9,41,3.87,4.56,7,Medio
Syn_Me_0213,SYN,27.45,8,45,3.43,5.62,4,Medio
Syn_Me_0214,SYN,31.73,9,53,3.53,5.89,5,Medio
Syn_Me_0215,SYN,66.39,15,119,4.43,7.93,1,Medio
Syn_Me_0216,SYN,18.53,5,24,3.71,4.8,4,Medio
Syn_Me_0217,SYN,17.79,4,24,4.45,6.0,4,Medio
Syn_Me_0218,SYN,12.23,3,23,4.08,7.67,2,Medio
Syn_Me_0219,SYN,32.53,11,89,2.96,8.09,4,Medio
Syn_Me_0220,SYN,26.37,7,61,3.77,8.71,1,Medio
Syn_Me_0221,SYN,28.57,10,78,2.86,7.8,4,Medio
Syn_Me_0222,SYN,27.88,14,113,1.99,8.07,5,Medio
Syn_Me_0223,SYN,33.08,9,50,3.68,5.56,6,Medio
Syn_Me_0224,SYN,10.22,3,26,3.41,8.67,3,Medio
Syn_Me_0225,SYN,27.46,7,44,3.92,6.29,4,Medio
Syn_Me_0226,SYN,24.18,7,57,3.45,8.14,3,Medio
Syn_Me_0227,SYN,34.55,12,89,2.88,7.42,4,Medio
Syn_Me_0228,SYN,24.09,7,54,3.44,7.71,1,Medio
Syn_Me_0229,SYN,36.81,11,63,3.35,5.73,4,Medio
Syn_Me_0230,SYN,58.3,14,76,4.16,5.43,7,Medio
Syn_Me_0231,SYN,34.56,8,42,4.32,5.25,7,Medio
Syn_Me_0232,SYN,30.43,7,37,4.35,5.29,5,Medio
Syn_Me_0233,SYN,43.23,11,50,3.93,4.55,5,Medio
Syn_Me_0234,SYN,48.64,11,63,4.42,5.73,4,Medio
Syn_Ba_0001,SYN,16.59,12,27,1.38,2.25,5,Bajo
Syn_Ba_0002,SYN,15.55,8,16,1.94,2.0,1,Bajo
Syn_Ba_0003,SYN,40.31,18,46,2.24,2.56,2,Bajo
Syn_Ba_0004,SYN,13.38,8,35,1.67,4.38,2,Bajo
Syn_Ba_0005,SYN,31.96,14,33,2.28,2.36,3,Bajo
Syn_Ba_0006,SYN,3.22,3,12,1.07,4.0,2,Bajo
Syn_Ba_0007,SYN,13.02,9,29,1.45,3.22,1,Bajo
Syn_Ba_0008,SYN,23.82,11,44,2.17,4.0,3,Bajo
Syn_Ba_0009,SYN,22.18,10,11,2.22,1.1,1,Bajo
Syn_Ba_0010,SYN,32.49,15,65,2.17,4.33,2,Bajo
Syn_Ba_0011,SYN,20.51,14,13,1.47,0.93,2,Bajo
Syn_Ba_0012,SYN,39.93,16,48,2.5,3.0,3,Bajo
Syn_Ba_0013,SYN,21.85,15,43,1.46,2.87,4,Bajo
Syn_Ba_0014,SYN,8.91,5,16,1.78,3.2,4,Bajo
Syn_Ba_0015,SYN,14.57,10,12,1.46,1.2,4,Bajo
Syn_Ba_0016,SYN,11.51,5,21,2.3,4.2,1,Bajo
Syn_Ba_0017,SYN,4.73,5,18,0.95,3.6,1,Bajo
Syn_Ba_0018,SYN,22.49,10,41,2.25,4.1,2,Bajo
Syn_Ba_0019,SYN,36.85,14,22,2.63,1.57,4,Bajo
Syn_Ba_0020,SYN,23.68,10,34,2.37,3.4,2,Bajo
Syn_Ba_0021,SYN,7.34,14,10,0.52,0.71,3,Bajo
Syn_Ba_0022,SYN,6.39,3,8,2.13,2.67,1,Bajo
Syn_Ba_0023,SYN,18.77,17,40,1.1,2.35,3,Bajo
Syn_Ba_0024,SYN,30.74,18,14,1.71,0.78,1,Bajo
Syn_Ba_0025,SYN,20.69,11,16,1.88,1.45,2,Bajo
Syn_Ba_0026,SYN,9.63,13,53,0.74,4.08,1,Bajo
Syn_Ba_0027,SYN,6.7,12,42,0.56,3.5,1,Bajo
Syn_Ba_0028,SYN,5.12,4,8,1.28,2.0,2,Bajo
Syn_Ba_0029,SYN,26.15,13,52,2.01,4.0,5,Bajo
Syn_Ba_0030,SYN,6.62,4,6,1.66,1.5,4,Bajo
Syn_Ba_0031,SYN,14.07,9,37,1.56,4.11,5,Bajo
Syn_Ba_0032,SYN,8.24,3,12,2.75,4.0,2,Bajo
Syn_Ba_0033,SYN,5.41,3,14,1.8,4.67,3,Bajo
Syn_Ba_0034,SYN,6.01,5,21,1.2,4.2,4,Bajo
Syn_Ba_0035,SYN,5.3,6,25,0.88,4.17,1,Bajo
Syn_Ba_0036,SYN,4.88,5,8,0.98,1.6,1,Bajo
Syn_Ba_0037,SYN,20.3,15,67,1.35,4.47,2,Bajo
Syn_Ba_0038,SYN,20.61,12,26,1.72,2.17,2,Bajo
Syn_Ba_0039,SYN,10.13,7,8,1.45,1.14,5,Bajo
Syn_Ba_0040,SYN,7.75,15,16,0.52,1.07,5,Bajo
Syn_Ba_0041,SYN,9.64,4,9,2.41,2.25,2,Bajo
Syn_Ba_0042,SYN,19.35,7,27,2.76,3.86,4,Bajo
Syn_Ba_0043,SYN,15.32,17,39,0.9,2.29,4,Bajo
Syn_Ba_0044,SYN,36.72,15,57,2.45,3.8,1,Bajo
Syn_Ba_0045,SYN,31.22,12,22,2.6,1.83,5,Bajo
Syn_Ba_0046,SYN,9.61,5,3,1.92,0.6,1,Bajo
Syn_Ba_0047,SYN,3.57,4,8,0.89,2.0,1,Bajo
Syn_Ba_0048,SYN,12.79,8,34,1.6,4.25,5,Bajo
Syn_Ba_0049,SYN,8.3,8,9,1.04,1.12,3,Bajo
Syn_Ba_0050,SYN,38.64,14,60,2.76,4.29,5,Bajo
Syn_Ba_0051,SYN,7.24,5,6,1.45,1.2,5,Bajo
Syn_Ba_0052,SYN,16.26,15,61,1.08,4.07,1,Bajo
Syn_Ba_0053,SYN,9.5,4,3,2.38,0.75,1,Bajo
Syn_Ba_0054,SYN,9.82,6,26,1.64,4.33,1,Bajo
Syn_Ba_0055,SYN,33.22,14,22,2.37,1.57,5,Bajo
Syn_Ba_0056,SYN,15.94,13,50,1.23,3.85,1,Bajo
Syn_Ba_0057,SYN,11.58,9,12,1.29,1.33,4,Bajo
Syn_Ba_0058,SYN,8.12,4,17,2.03,4.25,4,Bajo
Syn_Ba_0059,SYN,19.95,10,44,1.99,4.4,5,Bajo
Syn_Ba_0060,SYN,27.17,17,42,1.6,2.47,3,Bajo
Syn_Ba_0061,SYN,12.93,6,14,2.15,2.33,5,Bajo
Syn_Ba_0062,SYN,12.88,17,48,0.76,2.82,4,Bajo
Syn_Ba_0063,SYN,13.4,17,69,0.79,4.06,2,Bajo
Syn_Ba_0064,SYN,41.09,18,14,2.28,0.78,4,Bajo
Syn_Ba_0065,SYN,10.41,13,11,0.8,0.85,5,Bajo
Syn_Ba_0066,SYN,15.59,13,7,1.2,0.54,3,Bajo
Syn_Ba_0067,SYN,30.85,15,17,2.06,1.13,2,Bajo
Syn_Ba_0068,SYN,30.34,11,48,2.76,4.36,5,Bajo
Syn_Ba_0069,SYN,23.73,10,35,2.37,3.5,3,Bajo
Syn_Ba_0070,SYN,23.78,15,9,1.59,0.6,2,Bajo
Syn_Ba_0071,SYN,3.78,3,10,1.26,3.33,1,Bajo
Syn_Ba_0072,SYN,21.69,10,38,2.17,3.8,3,Bajo
Syn_Ba_0073,SYN,16.71,10,41,1.67,4.1,5,Bajo
Syn_Ba_0074,SYN,7.98,4,17,2.0,4.25,3,Bajo
Syn_Ba_0075,SYN,9.7,5,10,1.94,2.0,1,Bajo
Syn_Ba_0076,SYN,10.16,5,19,2.03,3.8,2,Bajo
Syn_Ba_0077,SYN,12.53,17,12,0.74,0.71,5,Bajo
Syn_Ba_0078,SYN,30.22,16,20,1.89,1.25,5,Bajo
Syn_Ba_0079,SYN,34.41,14,54,2.46,3.86,2,Bajo
Syn_Ba_0080,SYN,8.23,14,38,0.59,2.71,2,Bajo
Syn_Ba_0081,SYN,14.93,12,15,1.24,1.25,1,Bajo
Syn_Ba_0082,SYN,8.11,5,21,1.62,4.2,5,Bajo
Syn_Ba_0083,SYN,23.26,18,24,1.29,1.33,5,Bajo
Syn_Ba_0084,SYN,2.97,4,6,0.74,1.5,3,Bajo
Syn_Ba_0085,SYN,14.78,9,6,1.64,0.67,4,Bajo
Syn_Ba_0086,SYN,10.72,6,4,1.79,0.67,4,Bajo
Syn_Ba_0087,SYN,36.95,15,41,2.46,2.73,4,Bajo
Syn_Ba_0088,SYN,10.75,11,43,0.98,3.91,3,Bajo
Syn_Ba_0089,SYN,9.54,5,17,1.91,3.4,4,Bajo
Syn_Ba_0090,SYN,15.34,14,54,1.1,3.86,3,Bajo
Syn_Ba_0091,SYN,13.45,8,21,1.68,2.62,5,Bajo
Syn_Ba_0092,SYN,18.38,17,54,1.08,3.18,5,Bajo
Syn_Ba_0093,SYN,16.82,8,13,2.1,1.62,3,Bajo
Syn_Ba_0094,SYN,5.55,10,17,0.55,1.7,1,Bajo
Syn_Ba_0095,SYN,27.52,14,11,1.97,0.79,1,Bajo
Syn_Ba_0096,SYN,14.69,9,10,1.63,1.11,5,Bajo
Syn_Ba_0097,SYN,26.32,12,39,2.19,3.25,5,Bajo
Syn_Ba_0098,SYN,5.65,9,22,0.63,2.44,2,Bajo
Syn_Ba_0099,SYN,16.32,15,63,1.09,4.2,2,Bajo
Syn_Ba_0100,SYN,29.06,12,37,2.42,3.08,4,Bajo
Syn_Ba_0101,SYN,15.65,8,17,1.96,2.12,3,Bajo
Syn_Ba_0102,SYN,13.38,11,21,1.22,1.91,3,Bajo
Syn_Ba_0103,SYN,7.17,10,10,0.72,1.0,5,Bajo
Syn_Ba_0104,SYN,26.51,13,51,2.04,3.92,5,Bajo
Syn_Ba_0105,SYN,2.67,4,6,0.67,1.5,1,Bajo
Syn_Ba_0106,SYN,31.2,15,28,2.08,1.87,1,Bajo
Syn_Ba_0107,SYN,29.75,11,46,2.7,4.18,1,Bajo
Syn_Ba_0108,SYN,8.15,9,18,0.91,2.0,4,Bajo
Syn_Ba_0109,SYN,4.22,5,19,0.84,3.8,2,Bajo
Syn_Ba_0110,SYN,16.41,14,12,1.17,0.86,5,Bajo
Syn_Ba_0111,SYN,23.93,14,12,1.71,0.86,4,Bajo
Syn_Ba_0112,SYN,8.28,7,5,1.18,0.71,5,Bajo
Syn_Ba_0113,SYN,12.23,11,47,1.11,4.27,4,Bajo
Syn_Ba_0114,SYN,7.61,8,17,0.95,2.12,1,Bajo
Syn_Ba_0115,SYN,3.42,6,12,0.57,2.0,4,Bajo
Syn_Ba_0116,SYN,24.79,10,18,2.48,1.8,3,Bajo
Syn_Ba_0117,SYN,15.25,10,36,1.52,3.6,5,Bajo
Syn_Ba_0118,SYN,9.66,5,11,1.93,2.2,2,Bajo
Syn_Ba_0119,SYN,18.63,16,67,1.16,4.19,4,Bajo
Syn_Ba_0120,SYN,34.97,14,45,2.5,3.21,5,Bajo
Syn_Ba_0121,SYN,3.26,4,18,0.81,4.5,1,Bajo
Syn_Ba_0122,SYN,5.42,11,7,0.49,0.64,1,Bajo
Syn_Ba_0123,SYN,42.31,17,18,2.49,1.06,2,Bajo
Syn_Ba_0124,SYN,10.62,7,30,1.52,4.29,2,Bajo
Syn_Ba_0125,SYN,11.15,15,40,0.74,2.67,1,Bajo
Syn_Ba_0126,SYN,28.78,14,18,2.06,1.29,2,Bajo
Syn_Ba_0127,SYN,30.87,18,71,1.72,3.94,4,Bajo
Syn_Ba_0128,SYN,18.18,10,27,1.82,2.7,4,Bajo
Syn_Ba_0129,SYN,4.86,5,16,0.97,3.2,3,Bajo
Syn_Ba_0130,SYN,19.79,9,27,2.2,3.0,2,Bajo
Syn_Ba_0131,SYN,13.99,7,10,2.0,1.43,1,Bajo
Syn_Ba_0132,SYN,8.75,8,9,1.09,1.12,2,Bajo
Syn_Ba_0133,SYN,21.91,8,33,2.74,4.12,3,Bajo
Syn_Ba_0134,SYN,2.48,4,16,0.62,4.0,3,Bajo
Syn_Ba_0135,SYN,12.57,14,41,0.9,2.93,5,Bajo
Syn_Ba_0136,SYN,26.02,11,45,2.37,4.09,3,Bajo
Syn_Ba_0137,SYN,16.0,13,20,1.23,1.54,3,Bajo
Syn_Ba_0138,SYN,16.46,15,66,1.1,4.4,4,Bajo
Syn_Ba_0139,SYN,42.21,18,10,2.35,0.56,3,Bajo
Syn_Ba_0140,SYN,34.45,16,62,2.15,3.88,4,Bajo
Syn_Ba_0141,SYN,25.46,18,76,1.41,4.22,5,Bajo
Syn_Ba_0142,SYN,12.68,5,13,2.54,2.6,5,Bajo
Syn_Ba_0143,SYN,7.72,7,28,1.1,4.0,4,Bajo
Syn_Ba_0144,SYN,14.38,13,23,1.11,1.77,2,Bajo
Syn_Ba_0145,SYN,18.7,12,8,1.56,0.67,2,Bajo
Syn_Ba_0146,SYN,4.03,3,6,1.34,2.0,1,Bajo
Syn_Ba_0147,SYN,3.26,3,2,1.09,0.67,1,Bajo
Syn_Ba_0148,SYN,8.46,15,28,0.56,1.87,5,Bajo
Syn_Ba_0149,SYN,13.72,14,48,0.98,3.43,2,Bajo
Syn_Ba_0150,SYN,36.57,15,55,2.44,3.67,4,Bajo
Syn_Ba_0151,SYN,14.54,9,22,1.62,2.44,1,Bajo
Syn_Ba_0152,SYN,10.49,7,29,1.5,4.14,5,Bajo
Syn_Ba_0153,SYN,12.8,17,43,0.75,2.53,5,Bajo
Syn_Ba_0154,SYN,3.57,3,8,1.19,2.67,3,Bajo
Syn_Ba_0155,SYN,3.8,3,1,1.27,0.33,3,Bajo
Syn_Ba_0156,SYN,34.36,14,16,2.45,1.14,5,Bajo
Syn_Ba_0157,SYN,28.15,15,66,1.88,4.4,4,Bajo
Syn_Ba_0158,SYN,22.2,13,50,1.71,3.85,5,Bajo
Syn_Ba_0159,SYN,8.3,7,17,1.19,2.43,2,Bajo
Syn_Ba_0160,SYN,26.94,15,63,1.8,4.2,5,Bajo
Syn_Ba_0161,SYN,16.8,10,13,1.68,1.3,1,Bajo
Syn_Ba_0162,SYN,7.63,3,12,2.54,4.0,3,Bajo
Syn_Ba_0163,SYN,42.94,16,70,2.68,4.38,2,Bajo
Syn_Ba_0164,SYN,49.53,18,25,2.75,1.39,4,Bajo
Syn_Ba_0165,SYN,7.49,9,6,0.83,0.67,1,Bajo
Syn_Ba_0166,SYN,31.28,15,36,2.09,2.4,2,Bajo
Syn_Ba_0167,SYN,5.56,6,21,0.93,3.5,2,Bajo
Syn_Ba_0168,SYN,17.47,9,26,1.94,2.89,3,Bajo
Syn_Ba_0169,SYN,15.38,15,7,1.03,0.47,2,Bajo
Syn_Ba_0170,SYN,8.45,15,21,0.56,1.4,3,Bajo
Syn_Ba_0171,SYN,27.84,18,36,1.55,2.0,3,Bajo
Syn_Ba_0172,SYN,7.63,4,5,1.91,1.25,1,Bajo
Syn_Ba_0173,SYN,18.94,9,27,2.1,3.0,3,Bajo
Syn_Ba_0174,SYN,7.28,7,11,1.04,1.57,2,Bajo
Syn_Ba_0175,SYN,12.73,16,25,0.8,1.56,5,Bajo
Syn_Ba_0176,SYN,20.66,13,8,1.59,0.62,2,Bajo
Syn_Ba_0177,SYN,5.35,5,21,1.07,4.2,5,Bajo
Syn_Ba_0178,SYN,22.64,17,50,1.33,2.94,3,Bajo
Syn_Ba_0179,SYN,3.66,7,18,0.52,2.57,1,Bajo
Syn_Ba_0180,SYN,8.11,12,12,0.68,1.0,1,Bajo
Syn_Ba_0181,SYN,20.59,16,24,1.29,1.5,1,Bajo
Syn_Ba_0182,SYN,26.79,12,32,2.23,2.67,1,Bajo
Syn_Ba_0183,SYN,33.69,14,34,2.41,2.43,4,Bajo
Syn_Ba_0184,SYN,20.01,9,37,2.22,4.11,3,Bajo
Syn_Ba_0185,SYN,6.91,5,9,1.38,1.8,5,Bajo
Syn_Ba_0186,SYN,2.76,4,8,0.69,2.0,2,Bajo
Syn_Ba_0187,SYN,39.18,16,34,2.45,2.12,1,Bajo
Syn_Ba_0188,SYN,8.53,8,16,1.07,2.0,1,Bajo
Syn_Ba_0189,SYN,32.26,16,66,2.02,4.12,3,Bajo
Syn_Ba_0190,SYN,42.04,16,13,2.63,0.81,4,Bajo
Syn_Ba_0191,SYN,29.7,17,64,1.75,3.76,4,Bajo
Syn_Ba_0192,SYN,30.52,14,61,2.18,4.36,1,Bajo
Syn_Ba_0193,SYN,4.49,6,11,0.75,1.83,3,Bajo
Syn_Ba_0194,SYN,11.58,6,26,1.93,4.33,5,Bajo
Syn_Ba_0195,SYN,16.9,17,8,0.99,0.47,2,Bajo
Syn_Ba_0196,SYN,44.98,18,9,2.5,0.5,5,Bajo
Syn_Ba_0197,SYN,13.51,8,4,1.69,0.5,2,Bajo
Syn_Ba_0198,SYN,34.97,15,49,2.33,3.27,4,Bajo
Syn_Ba_0199,SYN,38.79,16,41,2.42,2.56,2,Bajo
Syn_Ba_0200,SYN,21.74,16,15,1.36,0.94,2,Bajo
Syn_Ba_0201,SYN,22.82,15,59,1.52,3.93,1,Bajo
Syn_Ba_0202,SYN,3.61,5,11,0.72,2.2,5,Bajo
Syn_Ba_0203,SYN,13.23,9,32,1.47,3.56,4,Bajo
Syn_Ba_0204,SYN,10.25,6,17,1.71,2.83,1,Bajo
Syn_Ba_0205,SYN,42.23,17,50,2.48,2.94,3,Bajo
Syn_Ba_0206,SYN,18.24,11,8,1.66,0.73,1,Bajo
Syn_Ba_0207,SYN,6.03,9,20,0.67,2.22,3,Bajo
Syn_Ba_0208,SYN,42.74,18,78,2.37,4.33,2,Bajo
Syn_Ba_0209,SYN,44.16,17,21,2.6,1.24,5,Bajo
Syn_Ba_0210,SYN,16.44,9,6,1.83,0.67,3,Bajo
Syn_Ba_0211,SYN,42.03,18,69,2.33,3.83,3,Bajo
Syn_Ba_0212,SYN,2.66,5,8,0.53,1.6,1,Bajo
Syn_Ba_0213,SYN,43.92,17,8,2.58,0.47,4,Bajo
Syn_Ba_0214,SYN,5.28,4,3,1.32,0.75,3,Bajo
Syn_Ba_0215,SYN,3.05,3,4,1.02,1.33,2,Bajo
Syn_Ba_0216,SYN,14.32,15,32,0.95,2.13,2,Bajo
Syn_Ba_0217,SYN,8.27,5,11,1.65,2.2,3,Bajo
Syn_Ba_0218,SYN,17.03,14,33,1.22,2.36,5,Bajo
Syn_Ba_0219,SYN,30.92,13,44,2.38,3.38,4,Bajo
Syn_Ba_0220,SYN,25.04,11,8,2.28,0.73,3,Bajo
Syn_Ba_0221,SYN,19.08,10,23,1.91,2.3,4,Bajo
Syn_Ba_0222,SYN,6.52,6,6,1.09,1.0,2,Bajo
Syn_Ba_0223,SYN,24.47,12,37,2.04,3.08,1,Bajo
Syn_Ba_0224,SYN,18.32,9,6,2.04,0.67,4,Bajo
Syn_Ba_0225,SYN,8.2,6,11,1.37,1.83,4,Bajo
Syn_Ba_0226,SYN,21.06,8,32,2.63,4.0,3,Bajo
Syn_Ba_0227,SYN,10.63,8,12,1.33,1.5,2,Bajo
Syn_Ba_0228,SYN,17.79,11,33,1.62,3.0,1,Bajo
Syn_Ba_0229,SYN,40.9,18,45,2.27,2.5,4,Bajo
Syn_Ba_0230,SYN,6.43,13,48,0.49,3.69,5,Bajo
Syn_Ba_0231,SYN,24.16,11,29,2.2,2.64,4,Bajo
Syn_Ba_0232,SYN,29.32,11,49,2.67,4.45,1,Bajo
Syn_Ba_0233,SYN,6.75,9,17,0.75,1.89,1,Bajo
Syn_Ba_0234,SYN,31.92,15,30,2.13,2.0,2,Bajo