Usuario,Tag,HPD_pre,HPD_post,PRTPJ_HPD,NPPD_pre,NPPD_post,PRTPJ_NPPD,DCJ_pre,DCJ_post,PRTPJ_DCJ,dif_HPD,dif_NPPD,dif_DCJ
Aiso,P2W,2.54,2.01,20.866141732283474,5.0,3.93,21.4,8,7,12.5,0.5300000000000002,1.0699999999999998,1
Tyson,nlove,2.27,2.15,5.286343612334806,4.29,4.07,5.128205128205122,6,6,0.0,0.1200000000000001,0.21999999999999975,0
TLK320,LAS,1.2,1.01,15.83333333333333,2.73,2.35,13.919413919413914,8,8,0.0,0.18999999999999995,0.3799999999999999,0
franchoski17,LAS,3.07,2.5,18.56677524429967,6.67,5.8,13.043478260869568,3,3,0.0,0.5699999999999998,0.8700000000000001,0
KESMAN,LAS,2.45,2.36,3.673469387755114,5.0,4.75,5.0,6,6,0.0,0.0900000000000003,0.25,0
Rey Oscuro,Leon,2.87,4.85,-68.9895470383275,6.0,9.0,-50.0,6,6,0.0,-1.9799999999999995,-3.0,0
Jon Blackfyre,LAS,1.12,1.12,0.0,2.31,2.43,-5.194805194805199,7,7,0.0,0.0,-0.1200000000000001,0
Ritchan,LAS,2.43,2.53,-4.115226337448545,5.0,5.18,-3.5999999999999943,12,11,8.333333333333332,-0.09999999999999964,-0.17999999999999972,1
SaiC,RBC,1.46,1.77,-21.23287671232877,3.33,4.23,-27.02702702702704,7,11,-57.14285714285714,-0.31000000000000005,-0.9000000000000004,-4
Baruff44,XII,1.38,1.37,0.7246376811594049,2.73,2.68,1.831501831501825,5,5,0.0,0.009999999999999787,0.04999999999999982,0
Näle,LAS,1.72,1.72,0.0,3.16,3.16,0.0,10,10,0.0,0.0,0.0,0
smurf1505,smurf,1.4,1.35,3.5714285714285587,3.16,2.95,6.645569620253163,4,3,25.0,0.04999999999999982,0.20999999999999996,1
Kîƒµńø,LAS,2.14,2.13,0.46728971962617905,4.29,4.31,-0.46620046620045624,7,7,0.0,0.010000000000000231,-0.019999999999999574,0
VieguitoMaragona,URF,3.61,2.57,28.80886426592798,8.57,7.86,8.284714119019835,4,6,-50.0,1.04,0.71,-2
anwnie,LAS,2.29,1.83,20.087336244541483,4.62,3.6,22.07792207792208,6,8,-33.33333333333333,0.45999999999999996,1.02,-2
Michsss,6945,1.52,1.4,7.89473684210527,3.33,3.06,8.108108108108109,4,4,0.0,0.1200000000000001,0.27,0
gato perkin,LAS,2.27,2.34,-3.0837004405286272,5.0,5.09,-1.7999999999999972,5,7,-40.0,-0.06999999999999984,-0.08999999999999986,-2
CorneliaMolina,AMPAY,1.73,1.76,-1.7341040462427761,4.0,3.93,1.749999999999996,5,5,0.0,-0.030000000000000027,0.06999999999999984,0
Langosta Cosmica,fran,2.16,1.88,12.962962962962973,5.0,4.46,10.8,12,13,-8.333333333333332,0.28000000000000025,0.54,-1
Knasky,Jaz,1.88,1.48,21.276595744680847,3.75,3.24,13.599999999999996,4,3,25.0,0.3999999999999999,0.5099999999999998,1
PinpónEsUnMuñeco,WA0S,1.06,1.08,-1.8867924528301903,2.31,2.45,-6.060606060606066,5,5,0.0,-0.020000000000000018,-0.14000000000000012,0
Roruwu,42069,0.88,0.83,5.681818181818187,2.07,1.93,6.763285024154585,5,5,0.0,0.050000000000000044,0.1399999999999999,0
Rin Matsuoka,FREE,2.03,2.22,-9.35960591133007,4.62,5.18,-12.121212121212112,13,11,15.384615384615385,-0.1900000000000004,-0.5599999999999996,2
Zombie Slayer,LAS,1.64,1.29,21.34146341463414,3.75,3.0,20.0,16,18,-12.5,0.34999999999999987,0.75,-2
Veronsqui,UNDs,1.55,3.96,-155.48387096774195,3.53,9.67,-173.9376770538244,5,6,-20.0,-2.41,-6.140000000000001,-1
VengadorM,LAS,1.56,1.66,-6.410256410256402,3.75,3.87,-3.200000000000003,11,15,-36.36363636363637,-0.09999999999999987,-0.1200000000000001,-4
saroo13,LAS,1.86,2.0,-7.526881720430103,4.29,4.75,-10.722610722610721,8,8,0.0,-0.1399999999999999,-0.45999999999999996,0
TeZ,Deus,1.97,2.0,-1.52284263959391,4.62,4.75,-2.8138528138528116,6,7,-16.666666666666664,-0.030000000000000027,-0.1299999999999999,-1
TacitaConTecito,LAS,1.91,1.85,3.141361256544494,4.29,4.29,0.0,6,9,-50.0,0.05999999999999983,0.0,-3
tandoe,LAS,1.46,1.4,4.109589041095894,3.33,3.24,2.702702702702698,13,7,46.15384615384615,0.06000000000000005,0.08999999999999986,6
Morjelakus,zaz,2.15,1.81,15.813953488372087,4.62,3.87,16.233766233766232,11,15,-36.36363636363637,0.33999999999999986,0.75,-4
Severity,666,1.1,1.39,-26.363636363636346,2.61,3.24,-24.137931034482772,3,6,-100.0,-0.2899999999999998,-0.6300000000000003,-3
Moon,cito,1.35,1.56,-15.555555555555554,3.16,3.73,-18.0379746835443,13,14,-7.6923076923076925,-0.20999999999999996,-0.5699999999999998,-1
Maaæ,LAS1,1.82,1.96,-7.692307692307687,4.0,4.29,-7.250000000000001,8,9,-12.5,-0.1399999999999999,-0.29000000000000004,-1
RubiaFashion,LAS,2.38,2.54,-6.722689075630258,5.0,5.5,-10.0,9,7,22.22222222222222,-0.16000000000000014,-0.5,2
MOONQUI,LAS,1.48,1.58,-6.756756756756762,3.0,3.11,-3.6666666666666625,3,3,0.0,-0.10000000000000009,-0.10999999999999988,0
Toky,Wena,3.2,2.6,18.750000000000004,6.67,5.18,22.33883058470765,9,11,-22.22222222222222,0.6000000000000001,1.4900000000000002,-2
tio goldo,1984,3.2,3.83,-19.687499999999996,6.67,8.29,-24.287856071964008,9,7,22.22222222222222,-0.6299999999999999,-1.6199999999999992,2
Colan,LAS,2.22,2.02,9.009009009009016,4.29,3.87,9.790209790209788,5,5,0.0,0.20000000000000018,0.41999999999999993,0
GotGaren,1997,3.54,3.26,7.909604519774019,6.67,6.0,10.044977511244376,7,4,42.857142857142854,0.28000000000000025,0.6699999999999999,3
Cubito,4444,1.39,1.39,0.0,2.86,2.85,0.3496503496503422,6,9,-50.0,0.0,0.009999999999999787,-3
DPontiacBandit,LAS,1.67,1.64,1.7964071856287442,3.33,3.18,4.504504504504501,6,6,0.0,0.030000000000000027,0.1499999999999999,0
agutin,LLL,2.35,2.81,-19.574468085106382,4.62,5.6,-21.2121212121212,5,4,20.0,-0.45999999999999996,-0.9799999999999995,1
the adc is,UwU,2.03,2.01,0.9852216748768483,4.29,4.23,1.3986013986013894,3,4,-33.33333333333333,0.020000000000000018,0.05999999999999961,-1
TilinDijoElBardo,LAS,2.21,2.28,-3.1674208144796308,4.62,4.58,0.8658008658008665,3,3,0.0,-0.06999999999999984,0.040000000000000036,0
Felpa16,LAS,1.29,1.27,1.5503875968992262,2.5,2.59,-3.5999999999999943,7,4,42.857142857142854,0.020000000000000018,-0.08999999999999986,3
Chinche Poroto,999,1.94,1.67,13.917525773195877,4.29,3.6,16.083916083916083,13,9,30.76923076923077,0.27,0.69,4
TeemoLicion,002,1.24,1.26,-1.6129032258064528,2.5,2.5,0.0,13,12,7.6923076923076925,-0.020000000000000018,0.0,1
NoxFler,LAS,1.72,1.86,-8.139534883720938,3.75,4.0,-6.666666666666667,2,2,0.0,-0.14000000000000012,-0.25,0
Princesa Support,3505,2.14,2.53,-18.224299065420546,4.29,5.09,-18.648018648018645,12,7,41.66666666666667,-0.3899999999999997,-0.7999999999999998,5
Weyes Blood,0519,3.45,3.45,0.0,7.5,7.5,0.0,8,8,0.0,0.0,0.0,0
katseye enjoyerr,T1LAS,1.64,1.78,-8.536585365853666,3.53,3.87,-9.631728045325788,7,7,0.0,-0.14000000000000012,-0.3400000000000003,0
Vaundy,3671,4.11,3.89,5.3527980535279855,8.57,8.14,5.017502917152855,5,5,0.0,0.2200000000000002,0.4299999999999997,0
Â Û R Ë Ł Ï Ã H,LAS,2.45,2.77,-13.061224489795912,4.62,5.5,-19.047619047619044,4,9,-125.0,-0.31999999999999984,-0.8799999999999999,-5
Aress 2431,NDS,1.53,1.66,-8.496732026143784,3.0,3.16,-5.3333333333333375,8,7,12.5,-0.1299999999999999,-0.16000000000000014,1
CrimenMusical,LAS,2.48,2.17,12.500000000000004,5.0,4.54,9.2,5,5,0.0,0.31000000000000005,0.45999999999999996,0
Gla,LAS,1.23,1.25,-1.6260162601626031,2.5,2.55,-1.9999999999999927,19,22,-15.789473684210526,-0.020000000000000018,-0.04999999999999982,-3
kilefaa,LAS,3.71,3.0,19.137466307277627,7.5,6.0,20.0,4,5,-25.0,0.71,1.5,-1
Affection,1111,2.41,2.29,4.979253112033199,5.45,5.27,3.302752293577993,8,7,12.5,0.1200000000000001,0.1800000000000006,1
Dvd,2799,4.68,4.94,-5.5555555555555705,10.0,11.0,-10.0,6,3,50.0,-0.2600000000000007,-1.0,3
Michael Olise,6x7vn,1.36,1.26,7.352941176470594,3.0,2.84,5.3333333333333375,11,9,18.181818181818183,0.10000000000000009,0.16000000000000014,2
INSECTOS,MVP,1.03,0.96,6.796116504854374,2.22,2.03,8.558558558558575,5,5,0.0,0.07000000000000006,0.1900000000000004,0
Lucas,Abs,0.84,0.83,1.1904761904761916,1.88,1.84,2.1276595744680753,7,7,0.0,0.010000000000000009,0.039999999999999813,0
Todoko,LAS,1.76,1.73,1.7045454545454561,3.75,3.69,1.6000000000000014,6,6,0.0,0.030000000000000027,0.06000000000000005,0
Ranser,434,3.54,3.36,5.084745762711869,7.5,7.12,5.0666666666666655,8,7,12.5,0.18000000000000016,0.3799999999999999,1
LoKio,LAS,1.34,1.61,-20.149253731343283,3.16,3.6,-13.924050632911388,14,15,-7.142857142857142,-0.27,-0.43999999999999995,-1
Chosar,SPQR,4.65,5.13,-10.32258064516128,10.0,11.2,-11.999999999999993,5,5,0.0,-0.47999999999999954,-1.1999999999999993,0
Nagi,2880,2.45,3.28,-33.87755102040815,5.45,7.12,-30.64220183486238,11,8,27.27272727272727,-0.8299999999999996,-1.67,3
YusiGuma,LAS,1.4,1.26,9.999999999999993,3.16,2.84,10.12658227848102,6,6,0.0,0.1399999999999999,0.3200000000000003,0
Webo,LAS,2.48,1.88,24.19354838709678,5.45,4.14,24.03669724770643,6,9,-50.0,0.6000000000000001,1.3100000000000005,-3
ferkk,111,3.37,2.79,17.210682492581604,7.5,6.33,15.6,8,9,-12.5,0.5800000000000001,1.17,-1
rer,16180,3.6,2.87,20.27777777777778,7.5,6.11,18.533333333333328,8,5,37.5,0.73,1.3899999999999997,3
Kuro,IRON,4.63,2.98,35.63714902807775,10.0,6.33,36.7,6,9,-50.0,1.65,3.67,-3
OddsAgainstMe,1905,1.39,1.37,1.4388489208632946,3.0,3.0,0.0,8,7,12.5,0.019999999999999796,0.0,1
Doron,Elle,2.31,2.27,1.731601731601733,5.0,5.0,0.0,5,6,-20.0,0.040000000000000036,0.0,-1
La magia del sur,4444,2.15,1.84,14.418604651162784,4.62,4.23,8.441558441558435,11,13,-18.181818181818183,0.30999999999999983,0.3899999999999997,-2
Luuuu,max,2.25,4.59,-104.0,5.0,9.5,-90.0,4,5,-25.0,-2.34,-4.5,-1
0FF THE GRID,LAS,2.35,2.49,-5.957446808510643,5.0,5.4,-8.000000000000007,6,6,0.0,-0.14000000000000012,-0.40000000000000036,0
kaybroak,MVP,3.52,3.3,6.250000000000005,7.5,7.12,5.0666666666666655,3,3,0.0,0.2200000000000002,0.3799999999999999,0
KasFesp,LAS,7.01,7.12,-1.569186875891588,15.0,14.5,3.3333333333333335,4,4,0.0,-0.11000000000000032,0.5,0
Salteño Promedio,ups,1.42,1.48,-4.2253521126760605,3.0,3.11,-3.6666666666666625,12,13,-8.333333333333332,-0.06000000000000005,-0.10999999999999988,-1
zzz,trap,1.66,1.49,10.240963855421684,3.53,3.24,8.215297450424917,13,11,15.384615384615385,0.16999999999999993,0.2899999999999996,2
God ryze,LAS,2.29,2.21,3.493449781659392,4.62,4.5,2.5974025974025996,9,10,-11.11111111111111,0.08000000000000007,0.1200000000000001,-1
Ðiush,White,2.58,2.29,11.24031007751938,5.45,4.75,12.84403669724771,5,10,-100.0,0.29000000000000004,0.7000000000000002,-5
LoanniZz,DEUS,2.86,2.67,6.6433566433566416,5.45,5.18,4.954128440366981,8,8,0.0,0.18999999999999995,0.27000000000000046,0
TTV Pikabam,001,2.27,2.2,3.0837004405286272,4.62,4.91,-6.277056277056278,6,8,-33.33333333333333,0.06999999999999984,-0.29000000000000004,-2
AvHPeaceMaker,LAS,4.03,4.23,-4.962779156327548,8.57,9.83,-14.702450408401397,7,6,14.285714285714285,-0.20000000000000018,-1.2599999999999998,1
PeelMe,Tom,3.29,3.29,0.0,6.67,6.67,0.0,4,4,0.0,0.0,0.0,0
Pmx,LAS,1.55,1.49,3.8709677419354875,3.16,3.0,5.06329113924051,11,10,9.090909090909092,0.06000000000000005,0.16000000000000014,1
El Garbanzo,LAS,1.6,2.69,-68.12499999999999,3.16,5.7,-80.37974683544303,6,6,0.0,-1.0899999999999999,-2.54,0
Duki,7763,3.71,3.04,18.059299191374663,6.67,5.6,16.041979010494757,9,10,-11.11111111111111,0.6699999999999999,1.0700000000000003,-1
fedejuega,LAS,1.66,1.72,-3.6144578313253044,3.33,3.47,-4.204204204204208,5,5,0.0,-0.06000000000000005,-0.14000000000000012,0
iJoker,LAS,2.57,2.21,14.007782101167313,5.45,4.92,9.72477064220184,8,10,-25.0,0.3599999999999999,0.5300000000000002,-2
jzsoe,LAS,2.92,2.71,7.191780821917808,6.0,5.5,8.333333333333332,10,7,30.0,0.20999999999999996,0.5,3
Haewon,1998,4.89,4.15,15.132924335378311,10.0,9.0,10.0,6,6,0.0,0.7399999999999993,1.0,0
T1Nyuloi,Nashe,1.46,1.43,2.054794520547947,2.86,2.81,1.7482517482517421,4,4,0.0,0.030000000000000027,0.04999999999999982,0
iPloxSB,1476,3.3,3.1,6.0606060606060534,7.5,6.33,15.6,7,5,28.57142857142857,0.19999999999999973,1.17,2
Willimerca,6666,1.42,1.35,4.929577464788721,3.16,3.05,3.481012658227858,6,6,0.0,0.06999999999999984,0.11000000000000032,0
TotooR2,LAS,2.72,4.09,-50.367647058823515,5.45,9.33,-71.19266055045871,11,6,45.45454545454545,-1.3699999999999997,-3.88,5
JacquesLacan,1230,1.82,1.55,14.835164835164836,4.0,3.22,19.499999999999996,13,11,15.384615384615385,0.27,0.7799999999999998,2
RJAV,1998,2.25,2.45,-8.888888888888896,4.62,5.0,-8.225108225108222,7,7,0.0,-0.20000000000000018,-0.3799999999999999,0
Nestornadoxs,LAS,3.56,3.46,2.8089887640449462,7.5,6.75,10.0,8,8,0.0,0.10000000000000009,0.75,0
Reish99,2001,1.55,1.6,-3.2258064516129057,3.16,3.28,-3.797468354430369,6,6,0.0,-0.050000000000000044,-0.11999999999999966,0
MadLife,NCS,3.31,3.72,-12.386706948640487,7.5,8.0,-6.666666666666667,8,7,12.5,-0.41000000000000014,-0.5,1
LoGoZ,LAS,1.65,1.8,-9.090909090909099,3.33,3.73,-12.01201201201201,7,6,14.285714285714285,-0.15000000000000013,-0.3999999999999999,1
SkeeLetor,LAS,2.27,1.97,13.215859030837008,5.0,4.29,14.2,8,6,25.0,0.30000000000000004,0.71,2
Gekidou,512,2.04,2.01,1.4705882352941297,4.29,4.15,3.2634032634032555,9,7,22.22222222222222,0.03000000000000025,0.13999999999999968,2
regicida,LAS69,2.1,2.06,1.9047619047619064,4.29,4.23,1.3986013986013894,10,5,50.0,0.040000000000000036,0.05999999999999961,5
Bling Bling,lowie,2.1,2.71,-29.04761904761904,4.29,5.4,-25.87412587412588,4,3,25.0,-0.6099999999999999,-1.1100000000000003,1
Asa Mitaka,Kelly,1.05,1.05,0.0,2.14,2.25,-5.140186915887844,4,5,-25.0,0.0,-0.10999999999999988,-1
Thom Merrilin,LAS,2.53,2.38,5.928853754940708,5.0,4.67,6.600000000000001,6,6,0.0,0.1499999999999999,0.33000000000000007,0
Thaizor,LAS,1.71,1.72,-0.5847953216374274,3.33,3.24,2.702702702702698,6,6,0.0,-0.010000000000000009,0.08999999999999986,0
Pingu,SEES,1.74,1.92,-10.344827586206893,3.75,4.15,-10.666666666666675,3,3,0.0,-0.17999999999999994,-0.40000000000000036,0
SinverGWENza,Gwen,1.73,2.04,-17.91907514450867,3.53,4.38,-24.079320113314452,5,4,20.0,-0.31000000000000005,-0.8500000000000001,1
222369,222,2.43,2.11,13.1687242798354,5.0,4.46,10.8,7,6,14.285714285714285,0.3200000000000003,0.54,1
Mewi,LAS,1.88,1.5,20.212765957446805,4.0,3.24,18.999999999999993,4,3,25.0,0.3799999999999999,0.7599999999999998,1
moko,1040,4.14,3.15,23.913043478260864,8.57,6.33,26.137689614935823,7,9,-28.57142857142857,0.9899999999999998,2.24,-2
Barry Chopper,LAS,1.69,1.66,1.7751479289940846,3.53,3.5,0.8498583569405045,5,5,0.0,0.030000000000000027,0.029999999999999805,0
Matisinho,000,2.16,1.84,14.814814814814817,4.29,3.75,12.587412587412588,3,3,0.0,0.32000000000000006,0.54,0
Amal2,LAS,1.67,1.92,-14.970059880239523,3.53,4.07,-15.297450424929194,8,8,0.0,-0.25,-0.5400000000000005,0
Dsá,Meins,2.22,2.81,-26.576576576576567,4.29,5.5,-28.205128205128204,6,4,33.33333333333333,-0.5899999999999999,-1.21,2
Takirø,弓の神7R,2.53,1.9,24.901185770750985,5.0,3.86,22.800000000000004,12,12,0.0,0.6299999999999999,1.1400000000000001,0
Teemomazos,PER,2.09,1.86,11.004784688995205,4.62,4.14,10.389610389610398,5,4,20.0,0.22999999999999976,0.4800000000000004,1
LoboAlfaKevin,LAS,1.33,1.66,-24.81203007518796,2.61,3.18,-21.839080459770127,9,8,11.11111111111111,-0.32999999999999985,-0.5700000000000003,1
TeShacølaCtM,LAS,2.16,2.33,-7.870370370370367,4.29,4.38,-2.0979020979020944,4,4,0.0,-0.16999999999999993,-0.08999999999999986,0
Pirlo,ush,2.15,2.0,6.976744186046507,4.62,4.38,5.194805194805199,5,4,20.0,0.1499999999999999,0.2400000000000002,1
Dito,rey,2.46,2.33,5.2845528455284505,5.0,4.67,6.600000000000001,12,8,33.33333333333333,0.1299999999999999,0.33000000000000007,4
ignaa42,LAS,1.81,1.73,4.419889502762435,3.75,3.69,1.6000000000000014,6,4,33.33333333333333,0.08000000000000007,0.06000000000000005,2
Mvko,LAS,1.42,1.39,2.1126760563380302,2.86,2.81,1.7482517482517421,9,13,-44.44444444444444,0.030000000000000027,0.04999999999999982,-4
el prokilll,LAS,2.54,2.64,-3.9370078740157513,5.0,5.18,-3.5999999999999943,4,4,0.0,-0.10000000000000009,-0.17999999999999972,0
kenyu3,LAS,1.71,1.83,-7.0175438596491295,3.75,4.0,-6.666666666666667,6,4,33.33333333333333,-0.1200000000000001,-0.25,2
jalamee,LAS,1.53,1.5,1.960784313725492,3.16,3.06,3.1645569620253196,2,2,0.0,0.030000000000000027,0.10000000000000009,0
Muerto,666,2.1,1.92,8.571428571428578,4.29,3.87,9.790209790209788,5,5,0.0,0.18000000000000016,0.41999999999999993,0
ySan97,f22b2,1.73,1.6,7.514450867052017,3.75,3.44,8.266666666666667,11,11,0.0,0.1299999999999999,0.31000000000000005,0
SOUL,JPN,2.62,2.75,-4.961832061068698,5.45,5.7,-4.587155963302751,11,10,9.090909090909092,-0.1299999999999999,-0.25,1
Joa,GLHF,1.63,1.9,-16.564417177914113,3.33,4.29,-28.82882882882883,5,9,-80.0,-0.27,-0.96,-4
Sunmy,LAS,3.99,3.19,20.050125313283214,8.57,6.88,19.71995332555426,4,5,-25.0,0.8000000000000003,1.6900000000000004,-1
Felo,BEAR,7.5,3.6,52.0,15.0,7.25,51.66666666666667,4,8,-100.0,3.9,7.75,-4
77pablito,CAI,2.11,4.67,-121.32701421800948,4.29,10.8,-151.74825174825176,6,4,33.33333333333333,-2.56,-6.510000000000001,2
RP Glasman2,LAS,1.79,2.07,-15.642458100558649,3.75,4.38,-16.799999999999997,4,4,0.0,-0.2799999999999998,-0.6299999999999999,0
El Rey Henry,KING,3.62,4.75,-31.215469613259668,8.57,11.2,-30.688448074679105,4,5,-25.0,-1.13,-2.629999999999999,-1
ATC PØLPHOENIX,LAS1,2.0,1.94,3.0000000000000027,4.0,4.0,0.0,6,6,0.0,0.06000000000000005,0.0,0
Whiskas,Curru,3.07,3.13,-1.9543973941368098,6.67,6.67,0.0,9,6,33.33333333333333,-0.06000000000000005,0.0,3
Oticangi,PPP,1.98,1.85,6.56565656565656,4.29,4.0,6.75990675990676,5,5,0.0,0.1299999999999999,0.29000000000000004,0
RIP in peperonni,LAS,1.62,2.0,-23.456790123456784,3.53,4.5,-27.478753541076493,10,12,-20.0,-0.3799999999999999,-0.9700000000000002,-2
ZT4,LAS,2.13,2.08,2.3474178403755785,4.29,4.29,0.0,10,11,-10.0,0.04999999999999982,0.0,-1
sanzok,LAS,1.11,1.11,0.0,2.31,2.31,0.0,6,6,0.0,0.0,0.0,0
IlachOne,6381,1.79,2.58,-44.134078212290504,3.53,5.45,-54.39093484419265,10,6,40.0,-0.79,-1.9200000000000004,4
Levhen,LAS,1.53,1.52,0.6535947712418306,3.16,3.22,-1.8987341772151913,4,4,0.0,0.010000000000000009,-0.06000000000000005,0
Saidpalao,AMPAY,1.1,1.07,2.7272727272727297,2.5,2.33,6.799999999999998,2,2,0.0,0.030000000000000027,0.16999999999999993,0
ajinomen,9038,1.62,1.55,4.320987654320991,3.53,3.44,2.549575070821526,3,3,0.0,0.07000000000000006,0.08999999999999986,0
Lordans,6969,1.3,1.18,9.230769230769239,3.53,3.18,9.915014164305939,6,6,0.0,0.1200000000000001,0.34999999999999964,0
LIT KILLAH,412,1.43,1.42,0.6993006993007,3.16,3.18,-0.6329113924050638,11,11,0.0,0.010000000000000009,-0.020000000000000018,0
vamosadecirquesi,LAS,1.81,1.83,-1.1049723756906087,3.75,3.8,-1.3333333333333286,5,5,0.0,-0.020000000000000018,-0.04999999999999982,0
JT 01,LAS,2.55,2.68,-5.098039215686288,5.45,5.8,-6.422018348623847,5,5,0.0,-0.13000000000000034,-0.34999999999999964,0
ComidaDelFuturo氣,ATEN,2.97,5.51,-85.5218855218855,6.67,11.2,-67.91604197901049,9,5,44.44444444444444,-2.5399999999999996,-4.529999999999999,4
Giann,LATAM,1.11,1.12,-0.9009009009009016,2.22,2.15,3.1531531531531654,8,8,0.0,-0.010000000000000009,0.07000000000000028,0
Vyak,LAS,1.91,1.71,10.471204188481673,4.0,3.56,10.999999999999998,10,7,30.0,0.19999999999999996,0.43999999999999995,3
xHoneyFish,CHL,1.18,1.22,-3.3898305084745797,2.4,2.5,-4.1666666666666705,7,7,0.0,-0.040000000000000036,-0.10000000000000009,0
Jarthar,LAS,2.42,2.32,4.132231404958682,5.45,4.83,11.376146788990829,5,5,0.0,0.10000000000000009,0.6200000000000001,0
Vayne player 1,LAS,1.47,1.23,16.3265306122449,3.0,2.7,9.999999999999993,9,7,22.22222222222222,0.24,0.2999999999999998,2
darling,zzz,2.6,2.29,11.923076923076925,5.0,4.58,8.399999999999999,12,8,33.33333333333333,0.31000000000000005,0.41999999999999993,4
LKING,MH1,3.83,2.81,26.631853785900784,7.5,5.36,28.533333333333328,8,11,-37.5,1.02,2.1399999999999997,-3
SuruyoDelSodimac,LAS,1.56,1.58,-1.2820512820512833,3.16,3.28,-3.797468354430369,8,8,0.0,-0.020000000000000018,-0.11999999999999966,0
SebastianMR,2404,3.14,2.52,19.74522292993631,6.67,5.27,20.989505247376318,5,7,-40.0,0.6200000000000001,1.4000000000000004,-2
daegu,LAS,1.71,1.69,1.1695906432748548,3.53,3.44,2.549575070821526,6,6,0.0,0.020000000000000018,0.08999999999999986,0
Intss,LAS,2.38,2.26,5.042016806722694,5.45,5.18,4.954128440366981,11,11,0.0,0.1200000000000001,0.27000000000000046,0
BlackModerm10,0000,1.26,1.26,0.0,2.73,2.81,-2.9304029304029333,6,5,16.666666666666664,0.0,-0.08000000000000007,1
S1m0n,2277,1.29,1.22,5.426356589147292,2.61,2.55,2.2988505747126458,5,5,0.0,0.07000000000000006,0.06000000000000005,0
Shamta,LAS,1.53,1.53,0.0,3.16,3.16,0.0,3,3,0.0,0.0,0.0,0
Dr Tommy,Crybb,1.44,1.72,-19.444444444444446,3.0,3.47,-15.666666666666673,8,13,-62.5,-0.28,-0.4700000000000002,-5
Nav,210,1.34,1.32,1.492537313432837,3.0,2.95,1.6666666666666607,4,4,0.0,0.020000000000000018,0.04999999999999982,0
TheBoss,T3tas,2.46,2.16,12.195121951219505,5.0,4.23,15.399999999999991,8,13,-62.5,0.2999999999999998,0.7699999999999996,-5
selfless,pain,1.24,1.2,3.2258064516129057,2.73,2.68,1.831501831501825,4,4,0.0,0.040000000000000036,0.04999999999999982,0
SOS RE WACHINN,LAS,1.0,0.98,2.0000000000000018,2.07,2.07,0.0,10,6,40.0,0.020000000000000018,0.0,4
Kab,DUHR,2.42,2.25,7.0247933884297495,5.45,5.0,8.256880733944957,6,10,-66.66666666666666,0.16999999999999993,0.4500000000000002,-4
Labubu,1251,2.25,1.9,15.555555555555559,4.62,3.86,16.450216450216455,5,4,20.0,0.3500000000000001,0.7600000000000002,1
Hustlee Hard 304,304,1.93,2.12,-9.844559585492236,4.0,4.46,-11.5,3,4,-33.33333333333333,-0.19000000000000017,-0.45999999999999996,-1
BABOSA,lmao,1.3,1.27,2.3076923076923097,2.4,2.29,4.583333333333329,5,5,0.0,0.030000000000000027,0.10999999999999988,0
NoWitness,CBA,2.08,1.87,10.096153846153843,4.62,4.21,8.874458874458877,10,8,20.0,0.20999999999999996,0.41000000000000014,2
taitun,LAS,2.72,2.13,21.691176470588243,5.45,4.62,15.229357798165138,6,11,-83.33333333333334,0.5900000000000003,0.8300000000000001,-5
Creeping Derp,LAS,1.41,1.4,0.7092198581560291,2.73,2.67,2.1978021978021998,7,7,0.0,0.010000000000000009,0.06000000000000005,0
jordi el tulachi,LAS,2.31,2.42,-4.761904761904756,4.62,5.4,-16.883116883116887,6,10,-66.66666666666666,-0.10999999999999988,-0.7800000000000002,-4
Uri,Uri27,0.9,1.02,-13.333333333333334,1.88,2.08,-10.638297872340436,4,4,0.0,-0.12,-0.20000000000000018,0
Tutesc,EDLP,2.51,2.72,-8.36653386454185,5.0,5.45,-9.000000000000004,6,6,0.0,-0.2100000000000004,-0.4500000000000002,0
Juego con la 10,VAJ,2.05,1.77,13.658536585365846,4.29,3.75,12.587412587412588,5,5,0.0,0.2799999999999998,0.54,0
Patroler,111,2.22,2.66,-19.819819819819813,4.62,5.5,-19.047619047619044,11,6,45.45454545454545,-0.43999999999999995,-0.8799999999999999,5
Josedeoro,RECA,1.53,1.57,-2.6143790849673225,2.86,2.9,-1.3986013986014,8,8,0.0,-0.040000000000000036,-0.040000000000000036,0
chinoo,1200,2.37,2.52,-6.329113924050629,4.62,5.45,-17.965367965367967,10,5,50.0,-0.1499999999999999,-0.8300000000000001,5
maidenless,SAPEE,1.81,1.57,13.259668508287293,3.75,3.5,6.666666666666667,15,12,20.0,0.24,0.25,3
elSeba11Xx,LAS,1.54,1.48,3.8961038961038996,2.86,2.73,4.545454545454542,4,4,0.0,0.06000000000000005,0.1299999999999999,0
SeeYouSoon,1800,1.11,1.12,-0.9009009009009016,2.22,2.23,-0.4504504504504408,4,5,-25.0,-0.010000000000000009,-0.009999999999999787,-1
CarpinchoGoD,LAS,1.33,2.47,-85.71428571428572,2.73,5.0,-83.15018315018315,9,11,-22.22222222222222,-1.1400000000000001,-2.27,-2
TomPlatz,0000,2.7,2.56,5.18518518518519,6.0,5.6,6.666666666666672,3,3,0.0,0.14000000000000012,0.40000000000000036,0
FRAN MAIRA,3331,1.15,1.17,-1.7391304347826104,2.61,2.7,-3.4482758620689773,5,5,0.0,-0.020000000000000018,-0.0900000000000003,0
Neurus,LAS,1.61,1.65,-2.4844720496894293,3.33,3.41,-2.4024024024024047,15,17,-13.333333333333334,-0.039999999999999813,-0.08000000000000007,-2
EuLeK,LAS,3.08,3.14,-1.9480519480519498,6.67,6.56,1.649175412293858,3,3,0.0,-0.06000000000000005,0.11000000000000032,0
Pappers,LAS,2.07,2.14,-3.381642512077309,4.29,4.31,-0.46620046620045624,5,5,0.0,-0.07000000000000028,-0.019999999999999574,0
KillVMaim,IDFC,2.69,2.65,1.4869888475836444,5.45,5.4,0.9174311926605472,3,3,0.0,0.040000000000000036,0.04999999999999982,0
pancito36,4437,1.55,1.49,3.8709677419354875,3.16,3.18,-0.6329113924050638,4,5,-25.0,0.06000000000000005,-0.020000000000000018,-1
tki44,222,1.16,1.26,-8.620689655172423,2.31,2.45,-6.060606060606066,4,6,-50.0,-0.10000000000000009,-0.14000000000000012,-2
alan2pac,LAS,1.49,1.37,8.053691275167777,3.33,2.95,11.411411411411407,3,3,0.0,0.11999999999999988,0.3799999999999999,0
Aeternum,LAS,1.79,1.86,-3.9106145251396685,3.53,3.67,-3.966005665722383,6,6,0.0,-0.07000000000000006,-0.14000000000000012,0
Nomacitax,0069,1.33,1.3,2.2556390977443628,3.0,3.0,0.0,2,2,0.0,0.030000000000000027,0.0,0
melvin,waos,3.98,2.6,34.67336683417086,8.57,5.5,35.82263710618437,3,3,0.0,1.38,3.0700000000000003,0
Respawn Love,LAS,1.77,1.76,0.56497175141243,4.0,3.86,3.500000000000003,9,9,0.0,0.010000000000000009,0.14000000000000012,0
KrawLee,1997,1.42,1.37,3.521126760563368,3.0,2.9,3.333333333333336,5,5,0.0,0.04999999999999982,0.10000000000000009,0
frN,0202,1.57,1.43,8.917197452229306,3.33,3.06,8.108108108108109,5,5,0.0,0.14000000000000012,0.27,0
Chrollo Lucifer,HxH1,2.82,2.57,8.865248226950355,5.45,5.0,8.256880733944957,6,6,0.0,0.25,0.4500000000000002,0
Ragnar Lodbrok,VLH,2.64,2.71,-2.651515151515145,5.0,5.09,-1.7999999999999972,6,6,0.0,-0.06999999999999984,-0.08999999999999986,0
imMonster,LAS,3.6,3.23,10.27777777777778,7.5,6.22,17.06666666666667,4,2,50.0,0.3700000000000001,1.2800000000000002,2
Marveliano,UCM,2.48,2.04,17.741935483870964,5.45,4.46,18.1651376146789,8,10,-25.0,0.43999999999999995,0.9900000000000002,-2
almostdead,lllll,4.88,3.88,20.491803278688526,10.0,7.86,21.4,6,4,33.33333333333333,1.0,2.1399999999999997,2
TostadiitaOP,Jesi,3.41,3.47,-1.7595307917888579,7.5,7.38,1.6000000000000014,5,5,0.0,-0.06000000000000005,0.1200000000000001,0
pudrete616,LAS,3.58,3.72,-3.9106145251396685,6.67,6.88,-3.1484257871064467,9,8,11.11111111111111,-0.14000000000000012,-0.20999999999999996,1
Rosetta,Lyor,5.09,4.29,15.717092337917482,10.0,8.43,15.700000000000003,6,7,-16.666666666666664,0.7999999999999998,1.5700000000000003,-1
ComeToM,LAS,4.9,5.27,-7.551020408163249,10.0,10.8,-8.000000000000007,6,5,16.666666666666664,-0.3699999999999992,-0.8000000000000007,1
VladSuo,CR7,2.06,2.02,1.9417475728155356,5.0,4.92,1.6000000000000014,4,3,25.0,0.040000000000000036,0.08000000000000007,1
Khada jhin LIBRA,jhin4,1.63,1.48,9.202453987730056,3.33,3.0,9.909909909909912,8,8,0.0,0.1499999999999999,0.33000000000000007,0
Nagumo Hajime,LAS,3.84,3.68,4.166666666666659,8.57,7.71,10.035005834305721,3,3,0.0,0.1599999999999997,0.8600000000000003,0
Labix,Goat,2.82,2.51,10.992907801418442,6.67,6.0,10.044977511244376,6,7,-16.666666666666664,0.31000000000000005,0.6699999999999999,-1
Zheva,LAS,2.64,2.08,21.21212121212121,5.45,4.75,12.84403669724771,10,8,20.0,0.56,0.7000000000000002,2
Koreback,LAS,2.11,2.15,-1.8957345971564,4.62,4.5,2.5974025974025996,7,7,0.0,-0.040000000000000036,0.1200000000000001,0
Ðarkîn bøw,GoNxt,1.81,1.97,-8.839779005524857,3.75,4.46,-18.933333333333334,8,3,62.5,-0.15999999999999992,-0.71,5
Mikel,SEEEX,1.86,1.44,22.58064516129033,4.0,3.17,20.75,7,6,14.285714285714285,0.42000000000000015,0.8300000000000001,1
Little Bandido,LAS,1.55,1.55,0.0,3.16,3.11,1.5822784810126667,8,8,0.0,0.0,0.050000000000000266,0
KNONIMO EL FURIA,LAS,2.54,2.54,0.0,5.0,4.92,1.6000000000000014,5,5,0.0,0.0,0.08000000000000007,0
PesoPesado95,LAS,3.03,2.77,8.580858085808575,6.0,5.5,8.333333333333332,10,10,0.0,0.2599999999999998,0.5,0
Sv3n,LAS,4.3,3.5,18.604651162790695,8.57,7.25,15.402567094515756,7,8,-14.285714285714285,0.7999999999999998,1.3200000000000003,-1
ZOYN,LAS,1.99,1.87,6.030150753768838,4.29,4.0,6.75990675990676,6,9,-50.0,0.11999999999999988,0.29000000000000004,-3
Avril,UwU,3.19,3.39,-6.269592476489034,7.5,8.0,-6.666666666666667,7,7,0.0,-0.20000000000000018,-0.5,0
space cowboy,3194,2.03,2.13,-4.926108374384242,4.29,4.31,-0.46620046620045624,9,10,-11.11111111111111,-0.10000000000000009,-0.019999999999999574,-1
Pulga De Warwick,00001,1.35,1.35,0.0,2.73,2.73,0.0,5,5,0.0,0.0,0.0,0
Ckotooh,LAS,2.65,3.35,-26.415094339622648,5.45,7.25,-33.027522935779814,11,8,27.27272727272727,-0.7000000000000002,-1.7999999999999998,3
Doryani,POET,4.96,3.22,35.08064516129032,10.0,6.88,31.2,6,8,-33.33333333333333,1.7399999999999998,3.12,-2
Tenshi No Shi,LAS,1.64,1.61,1.829268292682915,3.53,3.53,0.0,14,9,35.714285714285715,0.029999999999999805,0.0,5
BLACK CAT,PIZZA,6.49,6.03,7.087827426810477,15.0,13.5,10.0,4,4,0.0,0.45999999999999996,1.5,0
Yusah,LAS,4.98,2.94,40.96385542168675,10.0,5.8,42.00000000000001,3,5,-66.66666666666666,2.0400000000000005,4.2,-2
RodriDraco,LAS,3.95,4.35,-10.126582278481,7.5,8.43,-12.399999999999995,6,7,-16.666666666666664,-0.39999999999999947,-0.9299999999999997,-1
Girl is a gun,LAS,3.14,2.42,22.92993630573249,6.67,5.09,23.68815592203898,6,6,0.0,0.7200000000000002,1.58,0
Elfaria,1355,6.79,4.66,31.36966126656848,15.0,9.67,35.53333333333333,4,6,-50.0,2.13,5.33,-2
Wifelershow,7458,4.09,5.38,-31.54034229828851,8.57,11.0,-28.354725787631267,7,5,28.57142857142857,-1.29,-2.4299999999999997,2
TwilightShade,LAS,3.55,2.97,16.338028169014073,7.5,6.56,12.533333333333339,8,9,-12.5,0.5799999999999996,0.9400000000000004,-1
detructor444,LAS,2.61,2.48,4.9808429118773905,5.0,4.83,3.399999999999999,10,12,-20.0,0.1299999999999999,0.16999999999999993,-2
puro ks,002,3.59,4.26,-18.662952646239553,7.5,8.29,-10.533333333333323,7,7,0.0,-0.6699999999999999,-0.7899999999999991,0
Swain KFC,COMBO,3.24,3.7,-14.19753086419753,6.67,6.88,-3.1484257871064467,6,5,16.666666666666664,-0.45999999999999996,-0.20999999999999996,1
差异顶部,ASR,6.03,5.52,8.457711442786081,12.0,10.8,9.999999999999993,5,5,0.0,0.5100000000000007,1.1999999999999993,0
Ecch,LAS,4.01,3.09,22.942643391521198,8.57,6.75,21.236872812135356,7,6,14.285714285714285,0.9199999999999999,1.8200000000000003,1
D4rK Asassin,LAS,4.3,2.49,42.09302325581395,8.57,4.91,42.70711785297549,7,5,28.57142857142857,1.8099999999999996,3.66,2
Luis Yeager,LAS,3.57,2.9,18.76750700280112,7.5,5.9,21.33333333333333,8,10,-25.0,0.6699999999999999,1.5999999999999996,-2
Wagyu,LAS,3.64,3.71,-1.9230769230769187,7.5,7.5,0.0,8,4,50.0,-0.06999999999999984,0.0,4
BRG Velois,CEL,3.95,5.49,-38.98734177215189,8.57,10.8,-26.021003500583433,7,5,28.57142857142857,-1.54,-2.2300000000000004,2
kclak,LAS,3.75,2.99,20.266666666666662,7.5,6.0,20.0,6,5,16.666666666666664,0.7599999999999998,1.5,1
Sir Friijooliito,sera,3.86,3.33,13.730569948186524,8.57,6.88,19.71995332555426,7,8,-14.285714285714285,0.5299999999999998,1.6900000000000004,-1
ivvo18,LAS,3.28,3.05,7.012195121951219,6.67,6.22,6.746626686656675,9,9,0.0,0.22999999999999998,0.4500000000000002,0
T1 DradKhan,SKT,5.87,6.07,-3.4071550255536653,12.0,12.0,0.0,5,5,0.0,-0.20000000000000018,0.0,0
ƒiuroxy,loveu,4.55,5.21,-14.505494505494509,10.0,11.2,-11.999999999999993,6,5,16.666666666666664,-0.6600000000000001,-1.1999999999999993,1
MeDeprimoFacil,uwu,3.97,3.68,7.3047858942065504,8.57,8.0,6.6511085180863505,7,7,0.0,0.29000000000000004,0.5700000000000003,0
hip0frenia,LAS,5.68,3.76,33.80281690140845,12.0,7.12,40.666666666666664,5,8,-60.0,1.92,4.88,-3
未来の音,1999,2.47,3.47,-40.48582995951417,5.0,7.25,-45.0,12,8,33.33333333333333,-1.0,-2.25,4
Black Ivy,505,4.16,3.73,10.336538461538465,8.57,7.86,8.284714119019835,7,7,0.0,0.43000000000000016,0.71,0
Yuta Okkotsu,5805,5.78,5.49,5.017301038062285,12.0,11.4,4.9999999999999964,5,3,40.0,0.29000000000000004,0.5999999999999996,2
EntrandoEnEsa,LAS,2.83,2.11,25.441696113074215,6.0,4.54,24.333333333333332,8,7,12.5,0.7200000000000002,1.46,1
eL Dany DT,LAS,4.33,3.34,22.863741339491924,8.57,6.67,22.170361726954496,7,7,0.0,0.9900000000000002,1.9000000000000004,0
Lucky 38,Luck7,5.57,4.52,18.850987432675055,12.0,9.67,19.416666666666668,5,6,-20.0,1.0500000000000007,2.33,-1
Black Insomnia,0589,6.03,4.84,19.7346600331675,12.0,9.67,19.416666666666668,5,4,20.0,1.1900000000000004,2.33,1
juansethekof,LOS,4.95,3.62,26.86868686868687,10.0,7.38,26.200000000000003,6,4,33.33333333333333,1.33,2.62,2
Белая смерть,АРГ,2.7,2.65,1.8518518518518614,5.45,5.36,1.651376146788988,7,6,14.285714285714285,0.050000000000000266,0.08999999999999986,1
C13 Damz,LAS,5.59,4.26,23.79248658318426,12.0,8.57,28.583333333333332,5,7,-40.0,1.33,3.4299999999999997,-2
c a r ö l i n a,ARS,5.15,4.98,3.300970873786406,10.0,9.83,1.6999999999999995,6,5,16.666666666666664,0.16999999999999993,0.16999999999999993,1
Eifeldor,LAS,5.84,5.36,8.219178082191773,12.0,10.8,9.999999999999993,5,5,0.0,0.47999999999999954,1.1999999999999993,0
Andreik99,999,4.93,5.55,-12.576064908722111,10.0,11.2,-11.999999999999993,6,5,16.666666666666664,-0.6200000000000001,-1.1999999999999993,1
jodipe,Ahri,2.62,2.62,0.0,5.45,5.45,0.0,4,4,0.0,0.0,0.0,0
SQUANCHØ,LAS,2.08,2.06,0.9615384615384623,4.0,4.21,-5.249999999999999,10,11,-10.0,0.020000000000000018,-0.20999999999999996,-1
AlterMitico,Novus,1.77,1.8,-1.6949152542372896,3.75,3.69,1.6000000000000014,6,7,-16.666666666666664,-0.030000000000000027,0.06000000000000005,-1
DAO FUTURE,LAS,3.05,2.19,28.196721311475407,6.67,5.0,25.037481259370313,4,4,0.0,0.8599999999999999,1.67,0
yiyawosao,LAS,3.54,2.68,24.29378531073446,7.5,5.45,27.333333333333332,5,6,-20.0,0.8599999999999999,2.05,-1
CSSML NDSML,kahoz,2.61,2.44,6.513409961685822,5.45,4.91,9.908256880733946,11,11,0.0,0.16999999999999993,0.54,0
Zaikologic,Zaik,3.39,3.79,-11.799410029498523,6.67,7.5,-12.443778110944528,9,8,11.11111111111111,-0.3999999999999999,-0.8300000000000001,1
qdanm,hiim,4.76,3.89,18.27731092436974,10.0,7.86,21.4,6,7,-16.666666666666664,0.8699999999999997,2.1399999999999997,-1
OMG Ken,LAS,4.79,5.36,-11.899791231732783,10.0,11.0,-10.0,6,5,16.666666666666664,-0.5700000000000003,-1.0,1
aKaiRe,LAS,4.82,4.43,8.091286307053954,10.0,9.0,10.0,6,6,0.0,0.39000000000000057,1.0,0
Emahtz,LAS,3.5,2.66,23.999999999999996,7.5,6.33,15.6,6,5,16.666666666666664,0.8399999999999999,1.17,1
puckeffideb,LAS,2.37,2.34,1.2658227848101369,4.62,4.67,-1.0822510822510785,9,10,-11.11111111111111,0.03000000000000025,-0.04999999999999982,-1
Come Around Me,diazk,2.57,3.43,-33.46303501945527,5.45,7.38,-35.41284403669724,7,4,42.857142857142854,-0.8600000000000003,-1.9299999999999997,3
NeuraNura,Brem,1.68,2.36,-40.476190476190474,3.53,5.0,-41.643059490084994,8,7,12.5,-0.6799999999999999,-1.4700000000000002,1
xWarRx,LAS,3.61,4.1,-13.573407202216062,7.5,7.86,-4.800000000000004,8,7,12.5,-0.48999999999999977,-0.3600000000000003,1
Jaskisceviciuss,LAS,2.51,2.46,1.9920318725099533,5.0,5.18,-3.5999999999999943,12,11,8.333333333333332,0.04999999999999982,-0.17999999999999972,1
Don Titi,LAS,3.77,3.11,17.50663129973475,7.5,6.33,15.6,4,5,-25.0,0.6600000000000001,1.17,-1
SOD Un Oso Wacho,9543,4.09,4.25,-3.911980440097803,10.0,9.17,8.3,6,5,16.666666666666664,-0.16000000000000014,0.8300000000000001,1
Ziggsmund Freud,PANDI,4.73,4.25,10.147991543340389,10.0,8.29,17.10000000000001,6,7,-16.666666666666664,0.4800000000000004,1.7100000000000009,-1
Rook Gendarmerie,LAS,4.89,3.56,27.198364008179954,10.0,7.12,28.799999999999997,6,6,0.0,1.3299999999999996,2.88,0
Tea Lover,gkrmp,3.61,3.05,15.51246537396122,7.5,6.67,11.066666666666668,5,9,-80.0,0.56,0.8300000000000001,-4
chérie lueur,maia,3.88,3.25,16.237113402061855,8.57,7.0,18.319719953325556,7,8,-14.285714285714285,0.6299999999999999,1.5700000000000003,-1
IIIIIIIIIIIII,8413,5.49,4.43,19.30783242258653,12.0,9.67,19.416666666666668,5,4,20.0,1.0600000000000005,2.33,1
AlanBritoDl,LAS,4.91,4.08,16.904276985743383,10.0,8.57,14.299999999999995,6,6,0.0,0.8300000000000001,1.4299999999999997,0
jeshuco,777,1.58,1.47,6.962025316455701,3.16,2.95,6.645569620253163,10,9,10.0,0.1100000000000001,0.20999999999999996,1
zun,TLUCH,2.72,1.47,45.95588235294118,5.45,2.81,48.440366972477065,5,3,40.0,1.2500000000000002,2.64,2
R Inst,8092,7.22,5.71,20.914127423822713,15.0,11.8,21.33333333333333,4,5,-25.0,1.5099999999999998,3.1999999999999993,-1
Sephiroth,SSSSS,4.75,3.02,36.421052631578945,10.0,5.5,45.0,5,8,-60.0,1.73,4.5,-3
