Usuario,Tag,THT,ND,HPD,NPPD,DCJ,Riesgo
Skill Gap,111,47.89,20,2.39,4.9,10,Medio
Aiso,P2W,47.25,20,2.36,4.9,9,Medio
Tyson,nlove,47.57,25,1.9,3.92,6,Bajo
20Mamar80Correr,00000,47.34,27,1.75,3.63,18,Bajo
TLK320,LAS,42.12,29,1.45,3.38,8,Bajo
franchoski17,LAS,45.18,20,2.26,4.9,2,Bajo
KESMAN,LAS,49.32,20,2.47,4.9,6,Medio
Rey Oscuro,Leon,49.39,18,2.74,5.44,17,Medio
Jon Blackfyre,LAS,46.71,33,1.42,2.97,14,Bajo
Ritchan,LAS,48.2,20,2.41,4.9,20,Medio
SaiC,RBC,41.44,43,0.96,2.28,9,Bajo
Baruff44,XII,48.92,31,1.58,3.16,10,Bajo
Näle,LAS,51.41,31,1.66,3.16,13,Bajo
smurf1505,smurf,46.07,33,1.4,2.97,5,Bajo
Kîƒµńø,LAS,48.98,23,2.13,4.26,9,Medio
VieguitoMaragona,URF,46.99,11,4.27,8.91,7,Alto
anwnie,LAS,49.23,21,2.34,4.67,6,Medio
Michsss,6945,44.56,30,1.49,3.27,8,Bajo
gato perkin,LAS,44.23,35,1.26,2.8,4,Bajo
CorneliaMolina,AMPAY,45.39,31,1.46,3.16,6,Bajo
Langosta Cosmica,fran,42.45,19,2.23,5.16,15,Medio
Knasky,Jaz,48.66,26,1.87,3.77,9,Bajo
PinpónEsUnMuñeco,WA0S,46.12,33,1.4,2.97,10,Bajo
Roruwu,42069,43.61,50,0.87,1.96,6,Bajo
Rin Matsuoka,FREE,42.81,22,1.95,4.45,12,Medio
Zombie Slayer,LAS,43.08,28,1.54,3.5,13,Bajo
Veronsqui,UNDs,48.1,34,1.41,2.88,6,Bajo
VengadorM,LAS,43.95,27,1.63,3.63,8,Bajo
saroo13,LAS,42.04,17,2.47,5.76,6,Medio
TeZ,Deus,42.27,18,2.35,5.44,9,Medio
TacitaConTecito,LAS,42.34,20,2.12,4.9,6,Medio
tandoe,LAS,41.87,26,1.61,3.77,17,Bajo
Morjelakus,zaz,44.34,20,2.22,4.9,7,Medio
Severity,666,43.55,34,1.28,2.88,5,Bajo
Moon,cito,40.68,34,1.2,2.88,13,Bajo
Maaæ,LAS1,47.05,32,1.47,3.06,10,Bajo
RubiaFashion,LAS,45.48,18,2.53,5.39,9,Medio
MOONQUI,LAS,42.15,28,1.51,3.5,4,Bajo
Toky,Wena,49.61,13,3.82,7.54,13,Alto
tio goldo,1984,47.69,19,2.51,5.16,11,Medio
Colan,LAS,50.16,22,2.28,4.45,5,Bajo
GotGaren,1997,52.72,22,2.4,4.45,7,Medio
Cubito,4444,47.14,31,1.52,3.16,4,Bajo
DPontiacBandit,LAS,47.71,26,1.83,3.77,6,Bajo
agutin,LLL,50.96,27,1.89,3.63,10,Bajo
the adc is,UwU,45.0,27,1.67,3.63,6,Bajo
TilinDijoElBardo,LAS,46.69,21,2.22,4.67,4,Bajo
Felpa16,LAS,51.61,31,1.66,3.16,10,Bajo
Chinche Poroto,999,49.37,23,2.15,4.26,12,Medio
TeemoLicion,002,46.25,38,1.22,2.58,13,Bajo
NoxFler,LAS,43.81,21,2.09,4.67,3,Bajo
Princesa Support,3505,47.87,25,1.91,3.92,10,Bajo
Weyes Blood,0519,44.72,11,4.07,8.91,11,Alto
katseye enjoyerr,T1LAS,43.65,33,1.32,2.97,7,Bajo
Vaundy,3671,47.05,14,3.36,7.0,5,Medio
Â Û R Ë Ł Ï Ã H,LAS,51.69,15,3.45,6.53,8,Medio
Aress 2431,NDS,49.19,27,1.82,3.63,8,Bajo
CrimenMusical,LAS,47.16,19,2.48,5.16,8,Medio
Gla,LAS,48.88,37,1.32,2.65,20,Bajo
kilefaa,LAS,45.88,9,5.1,10.89,9,Alto
Affection,1111,43.24,16,2.7,6.12,9,Medio
Dvd,2799,47.04,12,3.92,8.17,6,Alto
Michael Olise,6x7vn,44.28,37,1.2,2.65,11,Bajo
INSECTOS,MVP,44.14,31,1.42,3.16,8,Bajo
Lucas,Abs,43.73,45,0.97,2.18,9,Bajo
Todoko,LAS,47.13,30,1.57,3.27,6,Bajo
Ranser,434,44.75,18,2.49,5.44,13,Medio
LoKio,LAS,40.31,26,1.55,3.77,10,Bajo
Chosar,SPQR,44.81,8,5.6,12.25,8,Alto
Nagi,2880,44.84,15,2.99,6.53,12,Medio
YusiGuma,LAS,43.5,31,1.4,3.16,21,Bajo
Webo,LAS,42.78,19,2.25,5.16,7,Medio
ferkk,111,45.66,13,3.51,7.54,11,Alto
rer,16180,47.11,15,3.14,6.53,13,Medio
Kuro,IRON,45.93,9,5.1,10.89,5,Alto
OddsAgainstMe,1905,45.92,27,1.7,3.63,10,Bajo
Doron,Elle,44.5,16,2.78,6.12,5,Bajo
La magia del sur,4444,46.99,23,2.04,4.26,11,Medio
Luuuu,max,45.27,19,2.38,5.16,6,Medio
0FF THE GRID,LAS,45.87,19,2.41,5.16,6,Medio
kaybroak,MVP,46.16,17,2.72,5.76,5,Bajo
KasFesp,LAS,45.98,12,3.83,8.17,12,Alto
Salteño Promedio,ups,43.89,23,1.91,4.13,8,Medio
zzz,trap,45.78,25,1.83,3.92,13,Bajo
God ryze,LAS,47.34,14,3.38,7.0,9,Medio
Ðiush,White,47.07,17,2.77,5.76,11,Medio
LoanniZz,DEUS,49.27,23,2.14,4.26,8,Medio
TTV Pikabam,001,47.51,16,2.97,6.12,5,Bajo
AvHPeaceMaker,LAS,45.56,8,5.7,12.25,8,Alto
PeelMe,Tom,47.86,15,3.19,6.53,10,Medio
Pmx,LAS,47.7,30,1.59,3.27,14,Bajo
El Garbanzo,LAS,49.32,23,2.14,4.26,4,Bajo
Duki,7763,51.44,17,3.03,5.76,17,Medio
fedejuega,LAS,48.56,26,1.87,3.77,5,Bajo
iJoker,LAS,47.66,17,2.8,5.76,7,Medio
jzsoe,LAS,47.27,20,2.36,4.9,9,Medio
Haewon,1998,47.88,12,3.99,8.17,12,Alto
T1Nyuloi,Nashe,50.02,30,1.67,3.27,8,Bajo
iPloxSB,1476,43.64,19,2.3,5.05,12,Medio
Willimerca,6666,45.32,25,1.81,3.92,6,Bajo
TotooR2,LAS,45.6,15,3.04,6.53,9,Medio
JacquesLacan,1230,45.31,19,2.38,5.16,12,Medio
RJAV,1998,48.17,23,2.09,4.26,11,Medio
Nestornadoxs,LAS,46.54,23,2.02,4.26,7,Medio
Reish99,2001,48.08,30,1.6,3.27,5,Bajo
MadLife,NCS,46.44,20,2.32,4.9,13,Medio
LoGoZ,LAS,47.9,24,2.0,4.08,7,Medio
SkeeLetor,LAS,47.01,18,2.61,5.44,10,Medio
Fernecito,ConCo,49.86,24,2.08,4.08,7,Medio
Gekidou,512,48.36,33,1.47,2.97,14,Bajo
regicida,LAS69,48.7,29,1.68,3.38,13,Bajo
Bling Bling,lowie,43.91,28,1.57,3.5,4,Bajo
Asa Mitaka,Kelly,47.04,34,1.38,2.88,5,Bajo
Thom Merrilin,LAS,48.98,17,2.88,5.76,6,Medio
Thaizor,LAS,47.5,23,2.07,4.26,6,Medio
Pingu,SEES,46.49,28,1.66,3.5,3,Bajo
SinverGWENza,Gwen,48.28,30,1.61,3.27,6,Bajo
222369,222,48.48,15,3.23,6.53,8,Medio
Mewi,LAS,45.04,17,2.65,5.76,7,Medio
moko,1040,44.69,9,4.97,10.33,9,Alto
Barry Chopper,LAS,45.91,30,1.53,3.27,10,Bajo
Matisinho,000,48.58,22,2.21,4.45,5,Bajo
Amal2,LAS,46.88,24,1.95,4.08,8,Medio
Dsá,Meins,48.56,20,2.43,4.9,6,Medio
Takirø,弓の神7R,47.25,29,1.63,3.38,9,Bajo
Teemomazos,PER,45.56,27,1.69,3.63,11,Bajo
LoboAlfaKevin,LAS,50.51,32,1.58,3.06,9,Bajo
TeShacølaCtM,LAS,42.69,32,1.33,3.06,5,Bajo
Pirlo,ush,48.96,23,2.13,4.26,7,Medio
Dito,rey,47.76,21,2.27,4.67,13,Medio
ignaa42,LAS,45.43,22,2.06,4.45,13,Medio
Mvko,LAS,47.67,32,1.49,3.03,9,Bajo
el prokilll,LAS,50.43,18,2.8,5.44,4,Bajo
kenyu3,LAS,45.8,20,2.29,4.9,12,Medio
jalamee,LAS,45.77,31,1.48,3.16,2,Bajo
Muerto,666,45.04,27,1.67,3.59,4,Bajo
ySan97,f22b2,45.91,27,1.7,3.63,15,Bajo
SOUL,JPN,44.37,20,2.22,4.7,20,Medio
Joa,GLHF,45.6,26,1.75,3.77,12,Bajo
Sunmy,LAS,46.97,16,2.94,6.12,11,Medio
Felo,BEAR,46.54,12,3.88,8.17,12,Alto
77pablito,CAI,50.91,24,2.12,4.08,4,Bajo
RP Glasman2,LAS,46.03,30,1.53,3.27,7,Bajo
El Rey Henry,KING,45.32,13,3.49,7.54,6,Alto
ATC PØLPHOENIX,LAS1,46.6,21,2.22,4.67,6,Medio
Whiskas,Curru,47.33,21,2.25,4.67,11,Medio
Oticangi,PPP,46.64,33,1.41,2.97,6,Bajo
RIP in peperonni,LAS,45.87,29,1.58,3.38,13,Bajo
ZT4,LAS,46.19,27,1.71,3.56,12,Bajo
sanzok,LAS,47.31,38,1.25,2.58,6,Bajo
IlachOne,6381,47.72,27,1.77,3.63,8,Bajo
Levhen,LAS,46.52,28,1.66,3.5,4,Bajo
Saidpalao,AMPAY,43.8,39,1.12,2.51,3,Bajo
ajinomen,9038,41.16,27,1.52,3.52,4,Bajo
Lordans,6969,32.85,26,1.26,3.77,6,Bajo
LIT KILLAH,412,46.31,34,1.36,2.88,11,Bajo
vamosadecirquesi,LAS,47.21,24,1.97,4.08,8,Medio
JT 01,LAS,46.98,20,2.35,4.9,13,Medio
ComidaDelFuturo氣,ATEN,45.66,11,4.15,8.91,11,Alto
Giann,LATAM,46.76,35,1.34,2.8,8,Bajo
Vyak,LAS,46.22,24,1.93,4.08,10,Medio
xHoneyFish,CHL,45.16,41,1.1,2.39,7,Bajo
Jarthar,LAS,44.73,17,2.63,5.76,6,Medio
Vayne player 1,LAS,50.83,30,1.69,3.27,19,Bajo
darling,zzz,48.27,16,3.02,6.12,12,Medio
LKING,MH1,44.54,9,4.95,10.89,9,Alto
SuruyoDelSodimac,LAS,45.65,25,1.83,3.8,4,Bajo
SebastianMR,2404,44.83,12,3.74,8.17,5,Medio
daegu,LAS,48.38,28,1.73,3.5,6,Bajo
Intss,LAS,46.12,18,2.56,5.44,7,Medio
BlackModerm10,0000,45.32,34,1.33,2.88,6,Bajo
S1m0n,2277,47.46,35,1.36,2.8,8,Bajo
Shamta,LAS,47.55,33,1.44,2.97,4,Bajo
Dr Tommy,Crybb,47.23,32,1.48,3.06,16,Bajo
Nav,210,45.42,35,1.3,2.8,7,Bajo
TheBoss,T3tas,50.21,16,3.14,6.12,8,Medio
selfless,pain,44.53,30,1.48,3.27,5,Bajo
SOS RE WACHINN,LAS,47.49,42,1.13,2.33,11,Bajo
Kab,DUHR,44.74,14,3.2,7.0,9,Medio
Labubu,1251,49.01,17,2.88,5.76,6,Medio
Hustlee Hard 304,304,47.42,25,1.9,3.92,9,Bajo
BABOSA,lmao,49.77,32,1.56,3.06,5,Bajo
NoWitness,CBA,43.64,20,2.18,4.9,11,Medio
taitun,LAS,48.28,19,2.54,5.16,6,Medio
Creeping Derp,LAS,46.4,32,1.45,3.06,7,Bajo
jordi el tulachi,LAS,49.93,20,2.5,4.9,7,Medio
Uri,Uri27,41.55,45,0.92,2.18,5,Bajo
Tutesc,EDLP,50.18,17,2.95,5.76,4,Bajo
malva,314,47.63,34,1.4,2.88,7,Bajo
Juego con la 10,VAJ,46.13,19,2.43,5.16,8,Medio
Patroler,111,48.56,24,2.02,4.08,13,Medio
Andoni,00000,44.97,35,1.28,2.8,7,Bajo
Josedeoro,RECA,51.3,33,1.55,2.97,12,Bajo
chinoo,1200,51.5,24,2.15,4.08,10,Medio
maidenless,SAPEE,47.51,27,1.76,3.63,11,Bajo
elSeba11Xx,LAS,51.12,33,1.55,2.97,4,Bajo
SeeYouSoon,1800,49.16,36,1.37,2.72,5,Bajo
CarpinchoGoD,LAS,49.85,33,1.51,2.97,8,Bajo
TomPlatz,0000,46.08,17,2.71,5.76,3,Bajo
FRAN MAIRA,3331,45.27,30,1.51,3.27,7,Bajo
Neurus,LAS,49.46,26,1.9,3.77,15,Bajo
EuLeK,LAS,46.19,18,2.57,5.44,3,Bajo
Lauriano,LAS,49.45,12,4.12,8.17,6,Alto
Pappers,LAS,46.93,26,1.8,3.77,5,Bajo
KillVMaim,IDFC,48.1,19,2.53,5.16,3,Bajo
pancito36,4437,48.33,32,1.51,3.06,6,Bajo
tki44,222,47.17,37,1.27,2.65,5,Bajo
alan2pac,LAS,45.82,32,1.43,3.06,5,Bajo
Aeternum,LAS,42.55,21,2.03,4.67,6,Medio
Nomacitax,0069,46.62,31,1.5,3.16,8,Bajo
melvin,waos,45.4,13,3.49,7.54,3,Medio
Respawn Love,LAS,44.4,23,1.93,4.26,9,Medio
KrawLee,1997,47.18,39,1.21,2.51,9,Bajo
frN,0202,45.73,25,1.83,3.92,5,Bajo
Chrollo Lucifer,HxH1,50.59,17,2.98,5.76,12,Medio
Ragnar Lodbrok,VLH,51.78,16,3.24,6.12,11,Medio
imMonster,LAS,47.48,10,4.75,9.8,4,Medio
